company,ticker,sector,fiscal_year,is_fraud_case,label,revenue,cogs,sga,depreciation,net_income,receivables,current_assets,ppe_net,total_assets,current_liabilities,long_term_debt,total_liabilities,cfo,related_party_pct_revenue,auditor_changed,promoter_pledge_pct,results_filing_delay_days
IT Services Co 1,LIVE001,IT Services,2022,0,0,1923850227.0825937,1339316785.2979043,218693959.58804345,57553892.25907842,196485143.6348119,337743140.16517484,532668826.3233856,1154310136.249556,2040615794.1954,248850386.33500788,320448870.25945,569299256.5944579,192457210.51514325,0.010411173991710012,0,0.09392251506536363,1
IT Services Co 1,LIVE001,IT Services,2023,0,0,2193223980.2003455,1547420123.2031612,233318257.51176903,79203254.30984093,224056897.3102577,335469681.8887778,578141545.3215427,1298600639.3470602,2229770802.26021,281291178.8473022,493985765.1274138,775276943.974716,251242125.7713842,0.015935849836153843,0,0.024387863546423135,0
IT Services Co 1,LIVE001,IT Services,2024,0,0,2516993381.6591654,1715382883.265593,358871521.576201,74075776.46590392,235204237.45934686,435469695.8876656,724584350.6497748,1463408327.6104302,2606555156.465403,268537535.2255884,551568095.9816501,820105631.2072384,225639625.32728124,0.02218688596729013,0,0.0935714388974095,2
IT Services Co 1,LIVE001,IT Services,2025,0,0,2597432947.3526397,1765300089.4330225,315202595.71515435,81677829.67995992,309710140.9126771,398982780.5826873,634290846.7220749,1637182224.806375,2611304742.4605155,297398682.71141744,717448315.278429,1014846997.9898465,272772099.7192085,0.02968278354591481,0,0.0,0
IT Services Co 1,LIVE001,IT Services,2026,0,0,2747857613.381766,1910083661.895736,361960023.53301185,92207475.26206933,276069043.7622059,578009644.6177593,842281865.0439599,1823690572.2196548,2972988947.994746,267460675.62285838,457921715.3743845,725382390.9972429,273245646.8706579,0.02142425736070565,0,0.08452426770338842,0
Housing Finance NBFC Co 2,LIVE002,Housing Finance NBFC,2022,0,0,2757960099.2113338,1962156605.8480644,264993651.35356814,89454056.33344297,289763262.3269332,467791217.9356466,768217531.18767,1654776059.5268002,2891740773.03086,325522831.1727903,517144705.2015111,842667536.3743014,273427146.5018582,0.0031266556604197006,0,0.0,0
Housing Finance NBFC Co 2,LIVE002,Housing Finance NBFC,2023,0,0,3027209093.58948,2209612605.4646897,387469094.72113544,77110900.65548044,233376334.14297467,462783744.31600785,810156930.3855034,1855779795.9920783,3035230412.490149,350827042.3639035,462869290.8179807,813696333.1818843,215377733.72327474,0.028403081374573955,0,0.0,3
Housing Finance NBFC Co 2,LIVE002,Housing Finance NBFC,2024,0,0,3415512259.9987345,2366498916.066992,369274942.04064596,77770226.14830586,411509342.91388494,562376130.6496385,905420082.0683639,2082228802.8717775,3664102587.1733646,393511029.597172,545310526.9006116,938821556.4977837,396835763.6674981,0.02219996683971765,0,0.11795937876202184,4
Housing Finance NBFC Co 2,LIVE002,Housing Finance NBFC,2025,0,0,3700785961.9216213,2550929071.167637,552401731.3878881,89026790.74020326,329467899.2595139,563273700.9606935,831455881.7758887,2329734965.054012,3786825472.3483033,427646342.67372453,478880757.4240165,906527100.097741,286226447.7831497,0.023135138474501955,0,0.09190632839471906,7
Housing Finance NBFC Co 2,LIVE002,Housing Finance NBFC,2026,0,0,4054129034.581413,2483495091.4204698,520096870.4627424,101565294.92121093,544138221.4219326,582745283.574986,954479948.4687543,2602333465.734703,4090487187.239388,475079795.7412671,1036116361.2422446,1511196156.9835117,523767800.60416174,0.018413651629613118,0,0.0,0
FMCG Beverages Co 3,LIVE003,FMCG Beverages,2022,0,0,1340565000.2043307,958475646.2677613,129097917.2151405,33747941.243333705,141135522.05507264,192467955.35664746,349005440.9686434,804339000.1225984,1318116213.9415896,185844483.5484019,288993748.2881488,474838231.8365507,132310172.23555231,0.01959237473864566,0,0.01726061522853048,3
FMCG Beverages Co 3,LIVE003,FMCG Beverages,2023,0,0,1503078304.4586306,1072671087.0666605,143525767.86827564,35488147.92169737,173116817.41199687,245302127.17853218,392043503.7433342,903623085.3492079,1534016906.839849,219629854.2059299,323630204.6758184,543260058.8817483,158769903.3902081,0.031062887100598888,0,0.07143782192308068,6
FMCG Beverages Co 3,LIVE003,FMCG Beverages,2024,0,0,1774710401.8252935,1232541639.426396,169503689.67288888,41100880.243487574,252833080.22296906,277581771.9892445,441451881.67842174,1019467298.0009489,1804934951.5670779,173671538.47466812,280240786.88217604,453912325.3568442,253203769.81911665,0.016053948771404106,0,0.04974390666399644,1
FMCG Beverages Co 3,LIVE003,FMCG Beverages,2025,0,0,1979176527.9601057,1365379980.8694868,293214284.62404686,60271713.4464401,185392376.3743527,314739798.1220206,479279419.74544907,1149010143.3389828,1852798656.2435977,202740812.3032528,339606558.151222,542347370.4544748,189706865.46401042,0.0067360728226043606,0,0.051531574629720876,0
FMCG Beverages Co 3,LIVE003,FMCG Beverages,2026,0,0,2274686544.9683504,1614641188.844644,318581580.05784416,74360816.07001348,199491162.45671728,332288821.2981864,549573303.0204093,1297214774.88757,2204539185.302311,280995366.2496926,321379037.1948177,602374403.4445103,190960757.27207333,0.022282283301389053,0,0.17587370187669604,7
Jewellery Retail Co 4,LIVE004,Jewellery Retail,2022,0,0,3276135387.7679915,2364952092.28204,350274800.5103877,63110013.74257572,334454224.8286509,489491357.16940635,759650603.4361932,1965681232.6607947,3207487637.57034,277965122.83199966,406221053.09667057,684186175.9286702,374702368.9729838,0.00712577418725969,0,0.0,7
Jewellery Retail Co 4,LIVE004,Jewellery Retail,2023,0,0,3444732915.215901,2111097625.6872654,332653267.25224435,96999390.9442688,630146203.5901079,483168085.2210332,810743043.3568225,2196888315.4014134,3604672906.0754423,443321009.9685955,653138601.2941424,1096459611.2627378,591892650.7671659,0.006251041916300182,0,0.03809131280126674,1
Jewellery Retail Co 4,LIVE004,Jewellery Retail,2024,0,0,3742260420.1196933,2593517088.4230285,407507668.9903321,121090912.35100277,453099950.1427629,625088948.9126669,1003293413.9918034,2449907985.8694406,4014549937.50697,395066089.01942724,866439088.4224887,1261505177.441916,426918508.40436786,0.04093168308930595,0,0.1286677451237621,3
Jewellery Retail Co 4,LIVE004,Jewellery Retail,2025,0,0,4201152110.865974,3036978059.822802,410670057.23042357,151055426.9845413,417579670.1494366,525598915.7032793,1023640329.4798064,2733462830.9888225,4444548645.991816,410836489.02795225,784123981.9732021,1194960471.0011544,405510522.0985989,0.020524667983562436,0,0.03539144070982225,1
Jewellery Retail Co 4,LIVE004,Jewellery Retail,2026,0,0,4865917822.45283,3442925512.181136,598757271.6278912,181778329.75850332,354422215.302334,795724750.3332628,1311122181.1736934,3058762607.0411286,5045481287.892305,412948862.0852668,1091841011.3580973,1504789873.4433641,385678007.69777983,0.004661385950838624,0,0.09319140068490941,1
Textiles/Plastics Co 5,LIVE005,Textiles/Plastics,2022,0,0,2837250378.186998,1885856894.9123836,365386022.299436,109857405.8151246,334233368.3462429,437131139.50840706,724632320.1513727,1702350226.9121988,2793207123.599161,396623993.2359803,394079121.02747506,790703114.2634554,338440707.1427781,0.018093489424948407,0,0.10856235467336597,4
Textiles/Plastics Co 5,LIVE005,Textiles/Plastics,2023,0,0,3111390483.7274203,2008031104.7350798,418841366.4424429,68885559.05444303,416569141.07187796,465571058.00746375,870750541.7009156,1908990257.9059358,3305957871.134412,329873948.36194164,493626228.89241827,823500177.25436,396833164.68004423,0.007834398506188722,0,0.016442986130170943,2
Textiles/Plastics Co 5,LIVE005,Textiles/Plastics,2024,0,0,3615441292.152141,2405500019.286683,477871782.33328825,67043125.25626143,462338523.36351323,608398527.307484,1086808880.919055,2147032030.250721,3552371599.147336,391110960.43088716,815430261.7718524,1206541222.2027395,380723035.6590545,0.03475949048053509,0,0.06841783063503293,4
Textiles/Plastics Co 5,LIVE005,Textiles/Plastics,2025,0,0,4097402067.127727,2938363019.157395,558374588.5637479,144811849.82471514,315287677.1753604,677738429.6897753,1016729182.9547865,2416313094.514629,4029518057.9572515,479189325.2602502,883148236.5775714,1362337561.8378215,324741874.4679484,0.009414639180215907,0,0.04374954848402112,6
Textiles/Plastics Co 5,LIVE005,Textiles/Plastics,2026,0,0,4832035380.628419,3490216105.3471274,500381422.17002714,149848814.8020952,499478923.1427474,901557352.7495943,1467562067.565856,2730404256.381489,5044802761.46168,633394456.4631714,1596088091.7098749,2229482548.173046,466307061.8316133,0.0,0,0.13021271807585705,0
Financial Services Co 6,LIVE006,Financial Services,2022,1,0,1980976458.8144622,1360556228.161541,258485250.58991215,62165756.99157461,182667885.1187633,319109696.87252414,498515798.42456234,1188585875.2886772,2011549114.5139565,265528247.2322111,416213794.41513044,681742041.6473415,184642643.1119777,0.022292113741150685,0,0.07650323528007334,0
Financial Services Co 6,LIVE006,Financial Services,2023,1,0,2071922332.0141094,1461509859.3919373,256784775.62309545,70658026.32177748,186848535.5687394,320491626.528555,522813094.90115607,1327839568.148043,2213001983.6913342,166041354.00490445,299145605.0467484,465186959.05165285,155350575.11401755,0.0,0,0.016086777992241168,4
Financial Services Co 6,LIVE006,Financial Services,2024,1,0,2196101155.947271,1556039835.9879017,272219479.2654206,77843193.69644095,216450439.05805442,468490822.22750556,692147327.0438468,1477479812.9898477,2443871977.205714,237424872.70249036,307862310.72676694,545287183.4292573,190248960.09851402,0.016419833119255708,0,0.09017925096893009,7
Financial Services Co 6,LIVE006,Financial Services,2025,1,1,2251739252.299903,1717428082.8682756,292651791.59775746,54061686.51577984,139869660.60608572,323415363.1819865,556730056.9957712,1636654684.8772175,2601857171.7026954,251113667.06908858,364630325.0287776,615743992.0978662,87732499.69230515,0.023121284261769282,0,0.040537782953179724,2
Financial Services Co 6,LIVE006,Financial Services,2026,1,1,2640320603.19085,1767975177.5606256,359312868.3482859,76109627.00582348,328593359.4073847,394347632.11135435,615711629.0684282,1809590078.1616466,3098922138.049854,327876015.10920835,548563653.6627045,876439668.7719128,75645004.1259998,0.08763204819923576,1,0.1438526006121304,9
Healthcare Co 7,LIVE007,Healthcare,2022,0,0,2844360681.914542,1923572342.1536021,360929188.44405246,94835621.70047073,300210534.72051066,547763393.2491182,777010358.4550773,1706616409.1487253,2834533071.272359,417312330.74467665,539788071.3406594,957100402.085336,318915365.6456365,0.015574642881078161,0,0.12275227881353556,2
Healthcare Co 7,LIVE007,Healthcare,2023,0,0,2979643214.3106027,2062667357.1828356,450803214.4288371,83999561.68804592,241894118.53704807,503698790.02241915,708355043.5601208,1906797062.1387172,3119081663.3275747,325450259.70517445,802822403.8169796,1128272663.522154,183466813.73002416,0.012134342248958313,0,0.0,0
Healthcare Co 7,LIVE007,Healthcare,2024,0,0,3271967266.2800484,2266066444.753968,380907598.91925716,94013802.43036385,356839811.1846801,668524125.8996623,1039085279.7992473,2127599337.3168812,3695274652.906738,429055256.09905124,793822226.834024,1222877482.9330752,397093434.47292906,0.0191290582894749,0,0.034645839083271165,0
Healthcare Co 7,LIVE007,Healthcare,2025,0,0,3644903146.988444,2664307126.5871463,346668794.93930334,93149193.78950207,365817941.6539113,586912660.5213559,895596936.3835156,2373672474.7858095,3914437449.725595,491290129.1624704,751640824.2772167,1242930953.439687,328419169.3621075,0.025484279208297995,0,0.05939867937430523,0
Healthcare Co 7,LIVE007,Healthcare,2026,0,0,4033289351.685961,2831528067.4577765,505132047.21431494,102855033.54003666,409402663.83054733,753110799.6507514,1257106602.5428848,2646547116.613682,4478092857.6426525,513313052.4149233,356025854.4023025,869338906.8172258,351059585.64487207,0.0170622107984787,0,0.0,4
Retail/E-Governance Co 8,LIVE008,Retail/E-Governance,2022,0,0,1928328188.251264,1335423030.5397668,301640620.85520273,41924177.01935803,153580331.83856893,288455203.90048075,512627262.1052998,1156996912.9507585,1972853380.7846105,162945195.13646293,445412133.9496433,608357329.0861063,138805426.12905976,0.03274447216941239,0,0.018620623178154015,0
Retail/E-Governance Co 8,LIVE008,Retail/E-Governance,2023,0,0,2075848117.4098494,1419394471.1201084,280776164.1308069,66926374.627493076,183929251.19165066,383566815.8812745,532042498.6739652,1295499226.2097738,2166713852.187284,215614237.7489558,294387657.2367136,510001894.9856694,185236180.88716647,0.022416445216767514,0,0.019301159930355145,6
Retail/E-Governance Co 8,LIVE008,Retail/E-Governance,2024,0,0,2323741612.409068,1657337999.7446606,280341192.25076663,72836675.21480781,203288740.53561822,416243658.8057541,711946408.1457403,1450551283.6165204,2438517340.278152,166715432.3574286,684118357.8772346,850833790.2346632,234584277.0046552,0.015947307345506683,0,0.0,1
Retail/E-Governance Co 8,LIVE008,Retail/E-Governance,2025,0,0,2729105895.2417774,1933808108.8621542,317126261.9453972,66680407.51275024,291738172.59870017,355089119.5000581,666163347.4722819,1630523116.8871047,2874112189.2047367,336878666.56904763,526346919.8396196,863225586.4086672,273837043.30681384,0.026152567669685614,0,0.0,2
Retail/E-Governance Co 8,LIVE008,Retail/E-Governance,2026,0,0,2895867986.0165825,2061029551.7398963,454525304.2975916,84354133.36118364,225933434.89309832,549485690.4111162,788739566.9442257,1824232209.6945472,3062763446.417886,417730047.96244377,562967819.4764597,980697867.4389036,184055088.50542334,0.01982437173522554,0,0.004878845260374368,0
Aviation Co 9,LIVE009,Aviation,2022,0,0,1169859332.45844,791356819.0983968,146755805.89675263,30920114.348222163,123339357.06835543,195351314.9154001,368083438.479939,701915599.475064,1260224784.432099,149454282.65558922,241526621.14958167,390980903.8051709,125231638.04129718,0.026250852012481538,0,0.11258625042825976,0
Aviation Co 9,LIVE009,Aviation,2023,0,0,1222940139.5761244,872032415.9753244,135034526.77500573,41523720.0236621,131619684.21142107,185280965.49306884,315256932.3306216,784120074.4381223,1273801479.6113162,170038909.29823205,111344433.69497812,281383342.9932102,116333847.42395483,0.012175836660385542,0,0.0,0
Aviation Co 9,LIVE009,Aviation,2024,0,0,1381045110.2544024,1004647733.5453345,160170721.23507565,49116633.82041877,111587210.18808414,294162065.9685828,405309713.97791976,876695932.1839861,1451436062.9712605,181153039.4113953,274209937.2131392,455362976.6245345,111787930.50074111,0.019863532082047032,0,0.08508318240447835,0
Aviation Co 9,LIVE009,Aviation,2025,0,0,1504084148.407039,1053404193.8356173,174152187.59221914,35978513.12652612,144768819.93107364,230096225.44633123,349752728.94993854,978201017.5698576,1549226532.3477411,214422803.4577108,133176327.3005581,347599130.7582689,120197049.57448053,0.010771135581047324,0,0.12305894333601645,2
Aviation Co 9,LIVE009,Aviation,2026,0,0,1515229752.3618548,1025780969.2858869,147275455.34061652,36975122.235623784,214368376.87691152,259066068.0702733,404901749.92425835,1083308535.7150462,1728138297.9862883,186619305.1207116,412832140.19738084,599451445.3180925,217489722.47519884,0.0038012800560823026,0,0.0,5
Office Equipment/IT Services Co 10,LIVE010,Office Equipment/IT Services,2022,0,0,2483722916.234667,1700135838.021526,279581924.3950212,63420242.52693382,299850002.99425054,346972718.2176869,697115837.0374418,1490233749.7408001,2692923934.3003793,354479352.93425685,414595783.05156463,769075135.9858215,305367706.6005925,0.02639626409497902,0,0.07212728121020265,5
Office Equipment/IT Services Co 10,LIVE010,Office Equipment/IT Services,2023,0,0,2572159804.2340007,1751483579.5306606,346727873.97173876,85355917.83279036,270864302.48851895,415847304.1594836,644450992.5830859,1663548752.444724,2595065051.65129,395177198.633246,743355779.510278,1138532978.143524,286774234.5502608,0.022552134168558745,0,0.11753125604763284,2
Office Equipment/IT Services Co 10,LIVE010,Office Equipment/IT Services,2024,0,0,2865286718.13231,1988268532.3735588,281172226.2870241,91646071.103942,344378253.0086227,455511986.81127304,737471697.4172761,1856719550.9246814,3178500100.136323,395077957.64320433,637518986.4921811,1032596944.1353854,334013495.4877925,0.02044212378104198,0,0.039854300760222616,0
Office Equipment/IT Services Co 10,LIVE010,Office Equipment/IT Services,2025,0,0,3287152993.3945446,2315903014.3251863,345407576.8529101,78064697.46954165,386490634.8373664,408480860.05684525,729130495.9285871,2076778787.1221492,3397172915.795559,464094968.8870974,853681840.0928596,1317776808.979957,368369270.2986103,0.011549546720308489,0,0.0,3
Office Equipment/IT Services Co 10,LIVE010,Office Equipment/IT Services,2026,0,0,3885098551.2811284,2675362776.5355315,566239990.8880547,137920603.26834762,340448546.4554116,596820556.6499548,1002209703.7830963,2333337078.2998705,3894758165.0581193,421308314.91200733,828197892.9077852,1249506207.8197925,309700384.68958545,0.013719339162746261,0,0.06557264171517198,0
Infrastructure Finance Co 11,LIVE011,Infrastructure Finance,2022,0,0,852684378.5621578,651024210.4970484,70570799.87802781,25704639.340398256,71824526.06385233,157135914.56467307,196822669.06909055,511610627.13729465,846464151.8808315,128950404.6828208,121561530.94308731,250511935.6259081,66050945.94423777,0.012471080827713792,0,0.0052826976961235644,1
Infrastructure Finance Co 11,LIVE011,Infrastructure Finance,2023,0,0,907616727.8155363,596463423.8053985,142266864.98062134,25703981.533586957,111002631.2536057,177052262.67556387,266120347.1549553,572339782.3421903,978171146.9263946,115548222.23706833,351107376.8581855,466655599.0952538,113012094.7914062,0.012927354700485364,0,0.09844989351379291,0
Infrastructure Finance Co 11,LIVE011,Infrastructure Finance,2024,0,0,989983268.1099253,707533622.2757269,136787995.04669333,29853369.102161776,80362701.44496019,165061556.17093813,272474065.5415128,639009139.2179523,1002453749.3481368,131995907.95124742,151269297.40254903,283265205.3537965,67072001.986689374,0.019415887561413176,0,0.05419905016572272,0
Infrastructure Finance Co 11,LIVE011,Infrastructure Finance,2025,0,0,1155816432.1536806,780255894.2055011,107671809.61603978,32322731.6056427,153296054.84626597,191376947.5953101,283659806.15014344,715970235.0021749,1198116640.5792155,140154355.31015855,126284713.65711813,266439068.9672767,121611704.83447024,0.019876807070706888,0,0.038951634110682296,1
Infrastructure Finance Co 11,LIVE011,Infrastructure Finance,2026,0,0,1229230215.8390882,861493057.5197722,153052925.3048052,42701304.14744091,107393837.8726897,169797900.0979955,299823823.6247703,798910852.8441945,1329029016.8936844,136903316.4853493,99564219.15640745,236467535.64175674,87384279.32118328,0.011669632772039884,0,0.022113555625239263,0
Private Banking Co 12,LIVE012,Private Banking,2022,0,0,893154492.4343548,666355113.1098195,114139637.03754188,27252613.95682345,57447215.281627506,131790171.28967518,257908911.86826792,535892695.46061283,921734427.845612,84367079.5973684,187569249.81829596,271936329.4156644,49628671.34006368,0.012482441521864998,0,0.06985166500077455,3
Private Banking Co 12,LIVE012,Private Banking,2023,0,0,1028890382.0919802,739427538.3495829,143785478.99036518,36821454.459883384,81839515.75690661,192678834.90537745,256865164.850651,603413995.4290302,1004799987.8848418,105625778.46195032,206949904.76778653,312575683.22973686,74006169.77876341,0.018338421580502678,0,0.14410874401020246,1
Private Banking Co 12,LIVE012,Private Banking,2024,0,0,1114246415.9643662,766140492.9835727,128533464.54759346,33849208.777664885,126347681.63790019,204248221.45389277,352384920.20054376,677228736.0901194,1207100410.6826546,146847580.0118864,171959631.05263147,318807211.06451786,119142055.7420768,0.02940289464883589,0,0.09329843192085767,2
Private Banking Co 12,LIVE012,Private Banking,2025,0,0,1198380133.8897533,806998986.364444,155568117.55542332,43143519.88910017,133802801.20535018,199790131.23134255,249388823.01009774,757464604.8673106,1200375727.7618792,56361907.06745069,136634963.45561352,192996870.5230642,131948493.48928471,0.024775293372667952,0,0.0,0
Private Banking Co 12,LIVE012,Private Banking,2026,0,0,1353156945.8963733,891573150.3760945,149279458.81635073,55769824.37599201,174418842.95307982,260262807.80282795,399124507.44002324,847846390.3081486,1409254578.0431523,159409264.23925203,279341685.9584619,438750950.1977139,146654968.0128761,0.017441679286591766,0,0.012890395300128164,4
IT Services Co 13,LIVE013,IT Services,2022,1,0,863608827.5830301,631511907.5351123,122713273.75134604,24127776.013620995,51934286.50951337,146180817.51179013,206102916.0964347,518165296.54981804,859755009.8410053,116338180.35080296,188045033.34175393,304383213.69255686,51963292.779747434,0.00595730901909251,0,0.06655200774980978,1
IT Services Co 13,LIVE013,IT Services,2023,1,0,954937812.5125448,682287506.1010343,131219066.88810134,35711210.202020414,81374662.67783292,150694263.61473152,252924561.2841749,581457146.0719398,999590423.9059834,116906885.61808105,206453616.28250784,323360501.90058887,82668540.20283988,0.01940717353974068,0,0.013535653181316928,0
IT Services Co 13,LIVE013,IT Services,2024,1,0,1068503677.9761314,727632507.4798198,128284408.2102639,33872688.39712391,127513199.80458605,187121667.3622039,302067929.463204,652326044.3529046,1075087455.763189,159042600.84003773,188100271.52501717,347142872.3650549,104253819.55905977,0.009549562904136976,0,0.0,2
IT Services Co 13,LIVE013,IT Services,2025,1,1,1252387705.488985,870247912.4553254,139426774.5591007,38147615.82924375,137248346.96197003,234482843.80978695,355169525.516083,732515916.2931598,1205507135.8627605,136651305.51364332,111102995.90335076,247754301.4169941,113283613.15924062,0.011121796571063084,0,0.10227661373948402,5
IT Services Co 13,LIVE013,IT Services,2026,1,1,1295450699.690903,869832012.3884666,158754829.3366845,41283179.30354749,160684036.50178292,209891691.96664116,401664007.86601704,819355588.5232651,1431422188.4202993,185050660.8922166,251770518.46358925,436821179.3558059,47041064.33073424,0.017960196187144714,0,0.3308192199427369,17
Housing Finance NBFC Co 14,LIVE014,Housing Finance NBFC,2022,0,0,1477807634.2273753,1083114963.7422907,198047596.72102505,34316067.841206476,103934397.0446755,261282896.8936051,453025431.26903284,886684580.5364251,1549336682.5924513,143280873.42391592,291241428.0544507,434522301.4783666,99586042.10111253,0.0207898871634001,0,0.10668402393783509,0
Housing Finance NBFC Co 14,LIVE014,Housing Finance NBFC,2023,0,0,1707169249.8810956,1176989002.1619644,171105232.60348424,55058916.54526563,206778199.49284172,265095067.2744957,429523608.84211165,998643580.4465727,1670406560.8857903,265339895.98264286,325859069.76975507,591198965.7523979,192404697.63613743,0.0,0,0.005289632401026131,1
Housing Finance NBFC Co 14,LIVE014,Housing Finance NBFC,2024,0,0,1936892716.6297743,1395677593.2358694,285951513.4780831,56509447.61958296,147957013.23337525,311344961.1651806,501594448.9714193,1125447523.6914587,1917796468.1208272,299009556.4513114,161132230.66523188,460141787.1165433,116867744.15593691,0.01456829168943886,0,0.050726394096878444,4
Housing Finance NBFC Co 14,LIVE014,Housing Finance NBFC,2025,0,0,2196308276.9589005,1506244434.0086992,246678543.65812355,77079918.79901525,267955964.6919858,393695180.2000243,625302268.8709068,1269026363.2501476,2186779179.092034,294209411.2210082,449450159.4878772,743659570.7088854,254586888.05175754,0.03472953572189574,0,0.0,0
Housing Finance NBFC Co 14,LIVE014,Housing Finance NBFC,2026,0,0,2483555580.1623845,1826933567.5577035,279983109.45302796,71344999.70098475,184590987.80745745,354609929.7393102,725028474.08956,1431274933.1557713,2663078532.319891,277574618.3410997,484203163.7076649,761777782.0487646,158390822.3344233,0.0009186958677473329,0,0.0441559906795738,0
FMCG Beverages Co 15,LIVE015,FMCG Beverages,2022,0,0,3358462493.2343407,2483968127.0446544,460424098.55137867,87316469.94860655,232532018.77879283,589638653.0554535,950026110.8610659,2015077495.9406042,3530631617.986073,393545447.87677985,976533672.7432001,1370079120.6199799,239647698.92136377,0.01743345883600247,0,0.08750609060684723,7
FMCG Beverages Co 15,LIVE015,FMCG Beverages,2023,0,0,3625530861.928616,2324637680.6157913,346020674.10410136,91970053.91236354,650840671.4424495,621868145.4742477,1014892129.7512457,2256806363.915253,3804390850.35644,387890933.7628642,632629784.0422373,1020520717.8051014,581209203.20667,0.011204903713410574,0,0.16408164386380308,2
FMCG Beverages Co 15,LIVE015,FMCG Beverages,2024,0,0,4045893341.5783324,2724493362.49082,445932095.553833,117614995.83710465,488301516.3682254,561672844.223883,784214474.2376091,2526805221.9116273,3772814849.9387283,592719788.2113307,746180498.318278,1338900286.5296087,514301179.918719,0.024109825769008754,0,0.08912794128575796,0
FMCG Beverages Co 15,LIVE015,FMCG Beverages,2025,0,0,4550207408.083794,3113622620.2614536,612340907.0952791,123386898.33764775,496190636.808556,678021617.1374476,1030865773.1841848,2830119748.973166,4381875748.132156,553897252.1238819,948020980.2988201,1501918232.422702,439921593.2479568,0.02026585341326099,0,0.07852685180692427,3
FMCG Beverages Co 15,LIVE015,FMCG Beverages,2026,0,0,5126713582.946417,3350018161.334398,746139929.5054085,128134735.54438822,689611271.5097626,927409446.0726573,1447051763.5519953,3171359020.5896816,5324028667.081491,429854749.0564154,1019135014.8840166,1448989763.940432,569101247.4806658,0.029672992358427724,0,0.12583963285696242,0
Jewellery Retail Co 16,LIVE016,Jewellery Retail,2022,0,0,2351276386.5051255,1679909325.7529883,329147484.79509306,71683520.88323629,194728849.6237239,373873691.35126644,603569934.2505112,1410765831.9030752,2308053183.5721602,313287899.9446781,536651101.08642083,849939001.031099,194238984.9767554,0.035369656539176446,0,0.12246724006181518,0
Jewellery Retail Co 16,LIVE016,Jewellery Retail,2023,0,0,2550807136.8107023,1757017460.279521,274283154.6436858,76822088.63945845,287750427.3599649,426683618.640506,670641327.2015488,1580629163.7007027,2725232284.575488,195360430.84573582,270601586.11639,465962016.9621258,291683139.04389226,0.020604684481173682,0,0.06252231501303804,0
Jewellery Retail Co 16,LIVE016,Jewellery Retail,2024,0,0,2910419386.581555,2039322165.8815224,465871378.97439945,99306414.35678177,210621037.06636062,442699652.30305964,609804414.6692901,1773569007.9408016,2842431580.871804,398464534.988843,344556809.42527384,743021344.4141169,188945320.26977292,0.00842535367766578,0,0.0017324402595618252,2
Jewellery Retail Co 16,LIVE016,Jewellery Retail,2025,0,0,3226079018.929757,2459988695.0274386,426763181.73422104,108942350.69002709,153769147.33586344,451882138.56041867,854038821.693527,1988080029.1255136,3057169831.7455444,364706722.498283,431060827.28079087,795767549.779074,155978137.10878697,0.013248860478565386,0,0.07019770103678058,3
Jewellery Retail Co 16,LIVE016,Jewellery Retail,2026,0,0,3805437392.947865,2454176900.891334,441206829.93254834,121318188.3162829,477774325.341221,550988606.7092888,888854048.7186608,2237994299.6466722,3695124079.5946183,337703316.5815616,781291498.0481675,1118994814.629729,490864052.74113053,0.022929338234972917,0,0.0,1
Textiles/Plastics Co 17,LIVE017,Textiles/Plastics,2022,0,0,1573321988.8343875,1013557870.1153576,203542326.44719163,52375008.03005676,247798378.8515655,226624988.28324348,397418416.76880956,943993193.3006325,1598130135.5777578,172224780.49999666,237130787.6739885,409355568.1739851,281198516.1644474,0.02326843470388023,0,0.013385730929896221,4
Textiles/Plastics Co 17,LIVE017,Textiles/Plastics,2023,0,0,1678749287.5105183,1180621321.6199274,192959423.5446484,55082054.54088029,153904696.75145727,370092282.7823697,553619119.8987626,1056250453.4751774,1842734992.465138,184423861.93702754,330739607.1085153,515163469.04554284,143082577.99779385,0.016221934672417282,0,0.09581557205372834,0
Textiles/Plastics Co 17,LIVE017,Textiles/Plastics,2024,0,0,1922271587.1696255,1295880164.867357,216075378.07410082,61291127.70653236,217669600.1707746,438650288.9195653,572642046.2957796,1184051546.437914,2092848207.1261551,246237419.09801885,250590188.84960297,496827607.9476218,206363016.01738873,0.023645344890332626,0,0.07780376369115755,2
Textiles/Plastics Co 17,LIVE017,Textiles/Plastics,2025,0,0,2154489332.9175515,1489318883.6120417,322036320.4596077,77842064.89101534,142368257.18126768,337623515.6168611,477574895.20540977,1327297559.476929,2134133346.4490635,312347425.95123255,310882634.1732096,623230060.1244421,139081269.55063784,0.010841765227035623,0,0.016404398816016158,6
Textiles/Plastics Co 17,LIVE017,Textiles/Plastics,2026,0,0,2426986694.7047725,1738394104.6089234,313674074.5836759,50102493.488290444,251120424.07811537,379459377.3548056,650094921.264353,1488465820.9964755,2399960356.586766,348638130.890834,441114540.45089835,789752671.3417323,234464721.02137935,0.015083443850345156,0,0.020967429862720766,4
Financial Services Co 18,LIVE018,Financial Services,2022,0,0,2287709869.6690583,1709006005.427012,332218359.5632695,84278172.96911277,103389665.25714299,411581438.05612224,684786110.8376157,1372625921.801435,2402491712.104274,264586175.83814383,455343193.850648,719929369.6887918,101450328.20437762,0.03401186275033896,0,0.059065710893070986,0
Financial Services Co 18,LIVE018,Financial Services,2023,0,0,2538553167.415182,1714201659.275022,351394182.988369,84466035.12005374,278655068.8172384,359002738.93215466,568778952.0080287,1540732357.8262372,2365742972.659629,316656513.05691385,463277675.9071603,779934188.9640741,254913931.0496193,0.0,0,0.0,5
Financial Services Co 18,LIVE018,Financial Services,2024,0,0,2869905416.0679264,2066156203.9647708,365085930.1020789,66141484.24437408,280112280.111102,475832636.6657999,896318538.6986442,1730449599.3644207,3187815140.2079773,326792363.1899121,543009213.7012601,869801576.8911722,258811533.6691044,0.02509898248476536,0,0.044738793287456446,0
Financial Services Co 18,LIVE018,Financial Services,2025,0,0,3137512760.687249,2058159935.5908535,369334831.42547643,130200333.4393265,396906716.0073932,524423926.67787975,898601224.4787817,1939238725.379716,3240262571.3414288,322927922.17402124,722530914.2611773,1045458836.4351985,408450453.892253,0.020402565020004627,0,0.0,0
Financial Services Co 18,LIVE018,Financial Services,2026,0,0,3762471648.5761724,2794816961.559623,318484036.1225261,114933827.26155436,393333034.62909454,431900535.00205046,793793083.3861061,2185539469.5699162,3525327501.965043,609219315.2926267,448221082.4644459,1057440397.7570727,361373070.3382829,0.03705852680544564,0,0.0724989170673274,3
Healthcare Co 19,LIVE019,Healthcare,2022,0,0,3114020284.1005077,2149137863.0289645,384814493.79752666,83824862.6351094,336882413.4269681,431497252.04918325,720876010.8963971,1868412170.4603045,2953255933.8528643,393786391.1089125,420826346.2683943,814612737.3773068,339226495.7804015,0.0081852093207118,0,0.021685254220949687,0
Healthcare Co 19,LIVE019,Healthcare,2023,0,0,3553422189.3674526,2346131358.8406706,449883855.15767366,102840767.72002159,461427265.86247313,565482113.208051,1062784556.2045468,2102135645.0424862,3712042020.0282464,431237145.96962595,844142182.8857406,1275379328.8553667,471416436.86652017,2.5333071101404925e-05,0,0.0,2
Healthcare Co 19,LIVE019,Healthcare,2024,0,0,3829240764.2961555,2762591569.1750436,559990104.0731156,108842829.82083131,232035668.40895075,402095092.22784495,767088707.6309311,2356661752.6085687,3676495529.4999094,427001493.49112964,933623804.0931815,1360625297.584311,242681833.09790617,0.01829611576643889,0,0.0,3
Healthcare Co 19,LIVE019,Healthcare,2025,0,0,4384949156.520542,2996407618.597468,553327224.8743502,153067168.68996933,424130850.1804662,878583421.7796787,1169099660.4442387,2646609063.0128527,4351076196.261603,659177887.1511142,813455488.7789276,1472633375.9300418,431423274.7595041,0.022369553887192462,0,0.04475209219999137,6
Healthcare Co 19,LIVE019,Healthcare,2026,0,0,4626471626.906105,3271376998.9595428,390405908.6368752,120213311.33214307,597516670.4231906,595236449.6565092,990860610.0630451,2957330916.2485437,4561422750.842012,521359901.07540554,598478372.8564128,1119838273.9318182,537603859.9169365,0.012713895147404727,0,0.08857666298809597,4
Retail/E-Governance Co 20,LIVE020,Retail/E-Governance,2022,0,0,3679155179.6973104,2645475909.999086,355886608.42472035,113355866.7216475,404410939.08749884,590513877.3121614,942245836.8747928,2207493107.818386,3739306125.1269064,440546546.84993285,476088590.4789609,916635137.3288937,343348468.78553706,0.020294235755849727,0,0.10143904598727548,0
Retail/E-Governance Co 20,LIVE020,Retail/E-Governance,2023,0,0,4104454379.7601867,2830547496.5921474,590189510.5684617,119993192.75374945,398840564.8362449,617411921.046362,835412355.824354,2478940620.040947,4046107309.4871454,411677190.6684193,717065734.7302637,1128742925.398683,334660983.68186307,0.005900302969161242,0,0.041308114995269186,0
Retail/E-Governance Co 20,LIVE020,Retail/E-Governance,2024,0,0,4421880550.485841,3045176107.199674,570647082.7229702,139750210.56814042,461037932.64614296,613085445.6145455,1050415192.335005,2774402866.166467,4638358713.687015,642458545.8228396,597939252.1503606,1240397797.9732003,426465419.44809216,0.03358121095867261,0,0.07540395525995328,2
Retail/E-Governance Co 20,LIVE020,Retail/E-Governance,2025,0,0,4705441231.886908,3324537938.2819786,528533893.81319714,147944226.27301234,470120183.6535378,760267428.9524385,1166999037.5742915,3092907013.7458067,5040839340.99993,838909086.3956226,560292660.2026794,1399201746.598302,458800160.6611201,0.012398099113810944,0,0.07887012887596251,2
Retail/E-Governance Co 20,LIVE020,Retail/E-Governance,2026,0,0,5046073541.651523,3416920222.6197686,724162677.6733489,156237061.80567083,551533844.2554083,967882551.8597018,1510341730.0476303,3437997901.2407575,5868416967.720235,482417170.5952378,929918190.069863,1412335360.6651008,530396344.7141373,0.01982962110662537,0,0.06415342940049948,5
Aviation Co 21,LIVE021,Aviation,2022,0,0,1932524169.3780649,1492726571.65273,256963642.28534386,43558072.129733905,95079870.55096091,354407081.8335918,540754390.129325,1159514501.626839,1949904330.7735343,212322461.240639,514080847.3227932,726403308.5634322,94405160.73594023,0.01614370018476839,0,0.03817767900177433,0
Aviation Co 21,LIVE021,Aviation,2023,0,0,2145742027.6561444,1477012456.7764826,181966832.8201053,72438067.19461681,284405331.1369124,296106582.550083,506275058.04783845,1301587038.0584514,2245483245.185344,308617339.7684858,370930024.19112986,679547363.9596157,275280867.0305014,0.02001999356415087,0,0.06409779336970786,0
Aviation Co 21,LIVE021,Aviation,2024,0,0,2364283118.5427628,1661333544.5873375,208149009.15685356,72525844.03713754,296648427.8280791,301916547.8429007,585088243.6068039,1458848805.1273432,2424434728.323938,249383869.4390996,450872072.2599167,700255941.6990163,246202308.91468036,0.009745898722220956,0,0.02310943268214303,5
Aviation Co 21,LIVE021,Aviation,2025,0,0,2485228945.0189753,1787339631.6374226,330049023.745484,67867673.30594772,207700253.03155273,441031541.86684287,662971864.0114386,1626875716.5321121,2545389140.5834136,229538278.73656029,441386068.256552,670924346.9931123,176560834.62306187,0.024102120156795512,0,0.02671159175709611,9
Aviation Co 21,LIVE021,Aviation,2026,0,0,2808611773.4272003,2112445211.5217931,348471943.67495906,68418442.49436186,183018037.52828202,318756575.3271017,612920805.0671397,1816112576.6994355,3010660996.8492265,311562769.9448475,641241868.4278121,952804638.3726597,188873468.2035459,0.018360464999730035,0,0.020951990573425838,0
Office Equipment/IT Services Co 22,LIVE022,Office Equipment/IT Services,2022,0,0,821801009.815054,560313186.3405757,76618440.83491363,28957454.092902403,95124314.15199165,194717260.04798526,278501582.22138536,493080605.8890324,871664479.1568618,89916990.85554418,177526470.27754217,267443461.13308635,90653648.18367767,0.019091290703740372,0,0.048458374295790786,1
Office Equipment/IT Services Co 22,LIVE022,Office Equipment/IT Services,2023,0,0,878910136.4269425,653258187.3168432,96389885.83406192,30386665.853152987,60470540.3736749,126215821.0808607,216064175.1454248,551818530.8870505,889472017.2307725,131439141.72401683,200423980.44879115,331863122.172808,51100977.651115514,0.026712280116136987,0,0.011267407186896852,0
Office Equipment/IT Services Co 22,LIVE022,Office Equipment/IT Services,2024,0,0,980040936.709961,676801991.1042771,107966260.36805478,33776404.35417926,103563446.27868466,143941142.96675292,230858254.06220257,617375133.6491601,1027557109.8695396,129929834.57698719,293364675.3450848,423294509.922072,117172877.85992572,0.009692829680676602,0,0.05352095636636445,0
Office Equipment/IT Services Co 22,LIVE022,Office Equipment/IT Services,2025,0,0,1064964214.0031154,770318624.3716388,114375399.17454307,26319765.87201231,96589364.10383718,144479042.75849858,268912165.66138697,689144598.3587908,1088480155.8819125,187637513.87889877,193129880.2989627,380767394.17786145,92316386.95760739,0.007046588155339649,0,0.13530458790638197,5
Office Equipment/IT Services Co 22,LIVE022,Office Equipment/IT Services,2026,0,0,1159600080.768172,801390946.507112,107916962.80530934,36009449.0651684,133697086.34990115,204302858.4511899,322476288.86278343,767798940.3479631,1179458598.8494763,116344624.72654617,276451008.80089104,392795633.5274372,139984953.28558192,0.031091698114921316,0,0.0,2
Infrastructure Finance Co 23,LIVE023,Infrastructure Finance,2022,0,0,652193891.8468043,462908273.83204705,73993934.97400418,19082957.166418556,62711390.1992104,103833098.79919581,174823811.79949096,391316335.10808253,658012872.4270997,72919856.44395252,134641081.78502285,207560938.22897536,49938756.03575466,0.024770351272264582,0,0.04997184514385206,2
Infrastructure Finance Co 23,LIVE023,Infrastructure Finance,2023,0,0,723729008.8841753,485750967.57183176,58581296.10419216,14569266.114850037,114339205.6629813,118259881.23009276,183943686.71664837,439242275.6055338,746169674.4409952,100347036.77579798,167290580.4238499,267637617.1996479,106236411.87996984,0.0,0,0.08846181040185641,5
Infrastructure Finance Co 23,LIVE023,Infrastructure Finance,2024,0,0,811266707.3621644,552199431.7357302,83079512.56932974,27071136.01681457,107670665.46627636,115587496.90763168,193039866.34044433,492982879.241808,825899859.7796246,98283502.47596094,119039936.46282233,217323438.9387833,105858493.09872098,0.025786616338151668,0,0.0543981448165501,2
Infrastructure Finance Co 23,LIVE023,Infrastructure Finance,2025,0,0,890746033.3944122,630435461.0483571,133224945.97212133,22710941.052075274,67909715.02904058,158177861.6173182,220576880.72130093,552309667.2887828,871484204.046551,70587552.29934116,175721509.42710868,246309061.72644985,58438722.92864336,0.016154498899820832,0,0.0830689094945854,0
Infrastructure Finance Co 23,LIVE023,Infrastructure Finance,2026,0,0,922735864.0316753,639512738.30944,105204107.22486666,30782995.8372931,103618293.75337587,144525317.8171796,256060893.53880668,615015750.5090301,1020376512.0405078,84947763.85623188,237524165.93254235,322471929.78877425,89446538.89901668,0.03412513069961006,0,0.10120494199205125,2
Private Banking Co 24,LIVE024,Private Banking,2022,1,0,960835450.0793356,688778924.3487127,103459057.4362287,23087120.03122453,91202446.81868179,167758579.47218555,298603508.8440622,576501270.0476013,1060315293.7108757,84052261.57959056,250491783.44061577,334544045.02020633,97018290.77770074,0.015431900192613361,0,0.055072371532502475,0
Private Banking Co 24,LIVE024,Private Banking,2023,1,0,1092605344.2373848,756080620.087189,107871620.42256539,33868771.76445678,117248452.32208231,197204615.5661844,289351019.9417411,648426575.3608986,1064402166.2852514,83998995.33670504,198701876.11718386,282700871.4538889,105930750.61202388,0.004489805876519452,0,0.07265093781560858,0
Private Banking Co 24,LIVE024,Private Banking,2024,1,0,1196587363.7242649,876227516.2515461,130318596.98972125,42307168.28164608,104912892.69746724,210316426.3139351,330749835.7562105,727708740.8079388,1243235202.2944248,132346475.06519368,275715897.0786257,408062372.14381933,93117045.55982372,0.02509820707776118,0,0.0775929385765646,0
Private Banking Co 24,LIVE024,Private Banking,2025,1,1,1346839448.1687937,909052704.7446482,73132243.08083893,33224997.441132136,217112454.4107767,199419667.78092682,295279752.16574365,816514361.5798373,1361334806.4804366,109261847.1624176,351760230.2391066,461022077.4015242,150419541.36608118,0.06978739996109273,0,0.020844246384865445,0
Private Banking Co 24,LIVE024,Private Banking,2026,1,1,1607394566.2542062,1089173478.8235292,183819672.18100896,29996783.717977613,195251635.1205332,264973348.80018362,424680357.2166418,917687220.2108676,1622813129.40057,175242699.19973195,254137225.68722534,429379924.8869573,88843330.592664,0.015968189550497027,1,0.23391814065738117,3
IT Services Co 25,LIVE025,IT Services,2022,0,0,382394636.32952005,268726377.8037147,41827687.961074255,15705239.51135462,36903504.22259728,64502402.384756066,104668021.56860241,229436781.79771203,375348456.2267254,54473479.21692163,73301901.82320172,127775381.04012334,31778548.982402775,0.03188784114353874,0,0.0812837785798077,0
IT Services Co 25,LIVE025,IT Services,2023,0,0,439221087.1082857,284037475.60315436,58493684.379351825,13154240.868302999,63446267.616442055,70028680.36179498,108150434.37708545,258280939.6070577,439981366.52499264,56893211.92153575,88319222.70547119,145212434.62700695,56264219.38595425,0.02129929854166074,0,0.046510060711893106,0
IT Services Co 25,LIVE025,IT Services,2024,0,0,489079139.45340645,363950379.16406035,64217591.29775812,8309727.693205425,36309224.57170127,91049384.80625835,135130398.60998717,290483324.76793975,508651793.4556206,54807051.13621427,104623268.80477373,159430319.940988,36634080.389020965,0.0153744428367542,0,0.0998277442249202,0
IT Services Co 25,LIVE025,IT Services,2025,0,0,550546819.6694078,380517159.1915489,76224745.66195928,18333312.299920943,58552548.00990348,72901766.46351705,117007887.79710537,326725165.4944483,537223212.8795911,71548216.11837827,110191375.1376242,181739591.2560025,50364760.88693592,0.02766867293329061,0,0.0,5
IT Services Co 25,LIVE025,IT Services,2026,0,0,617798038.9682947,379499031.64915234,78663620.67078711,20335156.482627902,91291382.55036572,91400509.42436133,139676542.586219,367416822.4076965,572944373.1485393,95417176.56744452,122405626.8470083,217822803.41445282,89499789.75656375,0.016909776348037506,0,0.041356445877828184,4
Housing Finance NBFC Co 26,LIVE026,Housing Finance NBFC,2022,1,0,3732373089.08062,2641948560.376504,452102105.3460267,87969606.9820678,373291248.1823949,436239169.01973134,741164744.8838862,2239423853.448372,3586046385.608325,476777722.3994826,510352688.9155476,987130411.3150302,359358467.4167242,0.03022407225360472,0,0.08885364794954492,1
Housing Finance NBFC Co 26,LIVE026,Housing Finance NBFC,2023,1,0,4113671682.2146525,2937323204.792337,441862270.19446164,133032435.43311587,414855865.8473684,669037180.5675874,1147766870.3283021,2512290153.1625557,4288781454.5483675,558199636.883844,1044494718.2970171,1602694355.180861,367412065.2126655,0.0019185595312925414,0,0.12717464280072766,2
Housing Finance NBFC Co 26,LIVE026,Housing Finance NBFC,2024,1,0,4509875380.954572,3388876298.6009545,476800306.1755079,152701545.77038926,327345097.2816984,847936113.2217573,1204460960.9518843,2813152626.805161,4586107729.549289,560251578.9082876,1006754965.0065055,1567006543.914793,323975879.1265223,0.02911238044568947,0,0.059928931034075844,3
Housing Finance NBFC Co 26,LIVE026,Housing Finance NBFC,2025,1,1,5075511537.352443,3425001858.8668013,569574209.927781,145933452.09502244,634585842.9837892,826033844.455685,1360623653.3690395,3135155274.1351666,5151351460.731603,576691059.2312393,1050937722.1944382,1627628781.4256775,329082407.9276437,0.03287488854421039,0,0.02381136107293823,3
Housing Finance NBFC Co 26,LIVE026,Housing Finance NBFC,2026,1,1,5054408487.151154,3408952342.513219,606594745.4303229,147891048.52410582,647250449.2404767,884824467.8651685,1248169432.4784067,3474157723.0334015,5425046727.665343,715361042.7458624,1282011983.9198587,1997373026.665721,287071277.92625195,0.09728739868763459,1,0.37712867655809784,1
FMCG Beverages Co 27,LIVE027,FMCG Beverages,2022,0,0,1028750307.694097,736776624.9182628,119811157.92716077,31329561.99196025,100025144.2666348,158543843.00810122,252033457.23530608,617250184.6164582,1037103340.2702533,136018174.83751246,184905132.0700716,320923306.9075841,101348624.77817895,0.02979585341155973,0,0.11458432328293366,7
FMCG Beverages Co 27,LIVE027,FMCG Beverages,2023,0,0,1134493205.3310132,823633540.4006572,136454533.12080163,34098768.51085866,94720309.75628702,147811712.87769055,263363917.44666684,692492350.4215026,1099879420.4167793,138090365.03194046,176308276.5618848,314398641.5938252,81651495.9369157,0.022342983603768976,0,0.0575460763403248,3
FMCG Beverages Co 27,LIVE027,FMCG Beverages,2024,0,0,1259926045.2136185,799327430.931584,158178411.4743866,40853617.11832027,163772576.38560876,241473128.13659468,344195408.11863434,776263423.1948286,1269988968.333815,150205890.4420244,248270625.1659287,398476515.6079531,143759482.30512887,0.016950267812869,0,0.11146878588250522,0
FMCG Beverages Co 27,LIVE027,FMCG Beverages,2025,0,0,1387675028.6846755,1029391455.220869,192681276.0405633,45045991.51751522,78237916.38333903,201362099.83944482,338611363.08843255,868935077.3249073,1464224916.2390347,137752225.00793567,286657177.42647344,424409402.43440914,78551773.47997326,0.0,0,0.101689308396945,0
FMCG Beverages Co 27,LIVE027,FMCG Beverages,2026,0,0,1495170419.2885892,1031727598.2673947,186797117.27932924,52963320.02705615,158265624.86431387,215759692.76579016,369409539.1187086,969761650.609084,1554700907.8786042,193702639.0159739,372301626.6131557,566004265.6291296,158056103.16236377,0.01785725057445535,0,0.0,0
Jewellery Retail Co 28,LIVE028,Jewellery Retail,2022,1,0,547818648.5883627,404477873.2009727,86404029.7470478,14937541.481754519,24392837.01243599,87797312.6163491,154685317.5838131,328691189.1530176,570100997.84029,70762382.75655547,124367796.28542294,195130179.04197842,24534292.658675633,0.04277430448556098,0,0.0985503167979594,0
Jewellery Retail Co 28,LIVE028,Jewellery Retail,2023,1,0,621911662.71481,427004643.73123246,88827403.5747382,22397218.173150986,55119063.7375143,111045342.39988796,205234080.60314268,369647507.9633486,654175293.1688337,68318232.80314437,120822282.72022401,189140515.52336836,50201463.6759563,0.01109979250236397,0,0.0,0
Jewellery Retail Co 28,LIVE028,Jewellery Retail,2024,1,0,712919561.049539,491144015.16093636,78517797.29398233,28286442.35061172,78257379.97892673,117794564.285783,200869759.12308154,416382911.25472605,730162907.5169517,105067014.10490553,148074823.43025446,253141837.53516,77450519.52144586,0.02366332933650044,0,0.03558572709363406,3
Jewellery Retail Co 28,LIVE028,Jewellery Retail,2025,1,1,809917464.1921884,514416214.1312977,90323849.33593866,23684585.67849039,126095879.74971141,138458122.10291633,178047262.07129413,468622326.12872225,819136534.8469667,60107225.28702943,213687016.97768465,273794242.26471406,83481167.14559068,0.03408795477898112,0,0.004894443090947442,0
Jewellery Retail Co 28,LIVE028,Jewellery Retail,2026,1,1,782059762.7833401,552656425.4223557,107477227.8022432,26854898.02051716,66670015.506394014,161611181.094413,228324308.1151957,521930039.4733963,983901960.5817215,117434695.79430614,221238445.82207733,338673141.6163835,22821105.035916764,0.07561714761357868,1,0.29925596594679205,7
Textiles/Plastics Co 29,LIVE029,Textiles/Plastics,2022,0,0,2732135658.542982,2047530462.5584407,343742728.67258716,77120163.34668581,148062350.99500364,387906761.34911484,747219625.9221451,1639281395.1257892,2656754704.904641,249096960.69670078,678796794.562048,927893755.2587488,156730076.87225497,0.012550170612743584,0,0.01839570885955446,3
Textiles/Plastics Co 29,LIVE029,Textiles/Plastics,2023,0,0,3139791158.2896266,2417052031.8099327,259899749.50525442,89786513.49955058,282585502.85128385,647324971.7569131,1093607648.727518,1845449394.8940444,3355690205.2950883,375717663.0684997,976850684.0473653,1352568347.115865,234044111.89913327,0.03027581070553822,0,0.0,2
Textiles/Plastics Co 29,LIVE029,Textiles/Plastics,2024,0,0,3520481186.478914,2489960904.2908626,355004506.0435251,88309476.39080685,407415896.6341404,729961628.8792711,1122225898.6188083,2076836936.0648115,3624518044.330801,474539213.57041144,873389800.855707,1347929014.4261184,471905801.2428835,0.016238958094404177,0,0.027095909916593622,4
Textiles/Plastics Co 29,LIVE029,Textiles/Plastics,2025,0,0,3809504636.098991,2573041811.4017296,416372216.501767,106605888.64863423,504474038.5090728,578242119.1634505,966018664.0263693,2329617275.9517055,3980882626.505945,411076131.705579,429460710.48906887,840536842.1946478,401900443.41280526,0.007405869332938667,0,0.0,1
Textiles/Plastics Co 29,LIVE029,Textiles/Plastics,2026,0,0,4096598065.988195,3013729570.3293276,434013675.73324025,107042348.28301473,356498848.07377386,709690354.8510433,1120671676.0783668,2604335697.5296664,4282837902.424347,456096166.6536874,926751830.679669,1382847997.3333564,355334353.8085184,0.010923824938993996,0,0.051824037780711575,0
Financial Services Co 30,LIVE030,Financial Services,2022,0,0,2854833539.5059085,2001451688.303924,336853361.841676,84013152.38753234,296426657.548789,535437518.6391409,820792391.1200807,1712900123.703545,3031745295.7935257,302511468.43832797,722458151.188213,1024969619.6265409,263535356.6322661,0.030906599360881325,0,0.16053204386966197,1
Financial Services Co 30,LIVE030,Financial Services,2023,0,0,3136883256.476243,2402150868.495662,342041174.62467897,113427740.10839498,197621869.03416675,565182818.5788419,909264621.8688804,1921131290.2384636,3415524253.1239266,434108485.5147843,942975090.7404226,1377083576.2552068,193413251.7987539,0.029052594014939547,0,0.03464364634571073,0
Financial Services Co 30,LIVE030,Financial Services,2024,0,0,3709869739.453789,2406952248.9735737,461226192.4588135,126226102.45945008,490942916.6626116,594394060.3294687,1071928049.3259099,2164258715.9183073,3854463276.6533246,318197519.0310269,729410062.6618655,1047607581.6928923,536396131.86469054,0.01786203138150044,0,0.0,7
Financial Services Co 30,LIVE030,Financial Services,2025,0,0,3987184216.818256,2709404212.4287624,472879022.70553625,112210971.8287837,508515925.1472282,729515672.5447272,1171470743.9400132,2428545688.236769,4227361822.042837,490065992.72114,808489704.4844022,1298555697.205542,525628101.1378086,0.011346571678981659,0,0.0,3
Financial Services Co 30,LIVE030,Financial Services,2026,0,0,4460453480.348087,3037849160.3229747,578096284.0443201,142906871.5369398,465844216.687175,709608358.7548853,1112198759.2364378,2724424732.901277,4463956213.51273,715513805.1804539,505548379.6154119,1221062184.7958658,461177877.6892358,0.0032088957237628273,0,0.04458833308385134,0
Healthcare Co 31,LIVE031,Healthcare,2022,0,0,3159711822.2509737,2070547370.5463288,401849396.8541085,95519006.89239413,441721204.57731545,577188900.196352,833660332.5642626,1895827093.3505843,3222529950.64407,406940305.81387264,352928746.05233854,759869051.8662112,436221268.82436097,0.04272991825979389,0,0.08199680829003958,6
Healthcare Co 31,LIVE031,Healthcare,2023,0,0,3459247692.3780193,2402490963.9216237,410044116.7197459,110371991.65287745,342833573.1439234,641088853.1252011,1081959064.017276,2125664290.7700028,3623656041.5910773,482080675.702915,708975556.269147,1191056231.972062,335011717.508927,0.024602186394350634,0,0.09971752340621592,2
Healthcare Co 31,LIVE031,Healthcare,2024,0,0,3549297950.6863904,2334356013.0786433,447879721.243886,117556018.31622565,414603753.78215826,601238644.852078,1006781245.9331577,2366899117.0274224,3734837137.441857,367515461.9915628,978132125.9619894,1345647587.9535522,403389256.85872036,0.0008622026517107403,0,0.10191449644919096,0
Healthcare Co 31,LIVE031,Healthcare,2025,0,0,4058915817.4237633,2669388567.07542,479939545.58647746,125921910.55181853,579088058.871312,568828898.5358847,958769069.3452079,2640851881.4094334,4309181066.171965,379031523.457204,502443057.4563018,881474580.9135058,588294212.1432238,0.013970216874329963,0,0.030388699353985846,0
Healthcare Co 31,LIVE031,Healthcare,2026,0,0,4738379328.297982,3413383376.232609,567888384.9571949,164193795.88927186,380317715.1118583,693266970.2469687,1102369941.6375465,2956996404.266616,4988660742.47232,588645087.6901565,860038943.7697654,1448684031.4599218,356581839.11716527,0.033530735775420595,0,0.1233101409812841,0
Retail/E-Governance Co 32,LIVE032,Retail/E-Governance,2022,0,0,2191231924.69079,1454489899.2223675,248520348.0910447,63392852.944644846,302994126.50235903,376394049.803363,591664772.242225,1314739154.814474,2171363402.4215965,221014807.92333326,591377195.1702119,812392003.0935452,284052837.0221026,0.03640354093898311,0,0.024318186964254498,2
Retail/E-Governance Co 32,LIVE032,Retail/E-Governance,2023,0,0,2345824203.7837954,1473692973.5880682,231890036.0862299,48115030.172730185,440736975.4269021,374360402.80355203,581453600.7916312,1471472539.648098,2423671653.270867,236903087.62627217,462928546.1396815,699831633.7659537,434560146.3777323,0.009916911137257381,0,0.014995798517705557,0
Retail/E-Governance Co 32,LIVE032,Retail/E-Governance,2024,0,0,2598639772.4282,1930437139.1449304,289875097.16784054,79502740.23993866,197231104.64971185,414748018.11739933,640531174.5204916,1645548704.4589508,2729750524.910611,386468570.04031914,482567974.0144362,869036544.0547553,195025244.07070103,0.01760382844565353,0,0.06827436725192523,6
Retail/E-Governance Co 32,LIVE032,Retail/E-Governance,2025,0,0,2885043435.270217,1975505258.4279945,243877652.7683134,93100288.63884354,424635397.85226274,519055942.8695705,767740020.1650248,1839167337.3562303,2911088522.8112903,354350787.25335896,326554743.4447677,680905530.6981267,395258407.2033688,0.03286842262645503,0,0.0,0
Retail/E-Governance Co 32,LIVE032,Retail/E-Governance,2026,0,0,3333980368.0315127,2437009514.9583845,395855500.7801245,93922948.12292513,305376720.1868862,566461464.4652388,909570073.4486456,2061041375.8784928,3510039115.22965,342600999.15969443,852449916.5941074,1195050915.7538018,262940490.00963113,0.02835376993902231,0,0.10930712510594155,2
Aviation Co 33,LIVE033,Aviation,2022,0,0,3412144238.6659894,2316177241.766757,404354861.7409516,82911575.87593114,409612786.07122654,553786499.8711283,906050768.461931,2047286543.1995935,3571553260.4154215,335343177.77736557,745686828.9366866,1081030006.7140522,431401882.582628,0.002653885030628047,0,0.05898233403900268,0
Aviation Co 33,LIVE033,Aviation,2023,0,0,3396923568.1042123,2415624742.931679,346159589.5271735,99027952.93236749,413911567.70748025,567894922.9848504,1024945437.5916955,2278551317.900792,3765919311.443451,405888949.60532427,677341459.4770913,1083230409.0824156,361943384.98781544,0.017648493533855645,0,0.172912180286828,6
Aviation Co 33,LIVE033,Aviation,2024,0,0,3811655083.2367334,2765691701.331897,506765192.4225589,98502262.48079751,260531331.19616827,698302289.2365867,1159211605.161019,2537490611.599653,4214721551.277459,444684778.5030238,1000946962.1259103,1445631740.6289341,255664523.337826,0.016063625287029558,0,0.0,2
Aviation Co 33,LIVE033,Aviation,2025,0,0,4213654488.709922,2813160927.8050895,404714073.2508864,139867191.3403204,596208892.173545,747668787.762309,1110509504.9554653,2824298054.3831387,4362456485.60809,460677199.76102954,1066430258.7654691,1527107458.5264986,540546643.8148712,0.013059566761423582,0,0.0,7
Aviation Co 33,LIVE033,Aviation,2026,0,0,4668623307.434513,3152387936.6554146,632121883.3417321,162648425.70260903,511399988.662828,731688670.9210012,1158628262.505188,3142458161.3863583,5370398282.860007,612141674.2162983,949540001.8808286,1561681676.097127,504874392.8321841,0.009891310821436825,0,0.12522533592946133,0
Office Equipment/IT Services Co 34,LIVE034,Office Equipment/IT Services,2022,0,0,1160446156.2536004,832389135.7213156,128821512.38291326,43398309.49727329,105123592.84398744,173688673.76535788,315271707.9281029,696267693.7521602,1209126478.7361577,152258175.57275924,226256510.72534606,378514686.2981053,104689327.03110674,0.013564388750493522,0,0.037019298432711276,4
Office Equipment/IT Services Co 34,LIVE034,Office Equipment/IT Services,2023,0,0,1305955360.5682955,879915723.7555201,131068034.72991063,33592264.030629195,179158574.7128813,158920005.78980383,296785349.73573005,782453492.5931398,1221220611.456848,140146484.04080948,221991747.51433635,362138231.55514586,164173631.94003496,0.014662040603407915,0,0.05036035301881851,0
Office Equipment/IT Services Co 34,LIVE034,Office Equipment/IT Services,2024,0,0,1454545393.9199958,1081998095.3323138,197232562.32546303,49111795.53228472,91138553.56999502,241423063.46720633,406542441.48123133,878654367.0669338,1458380711.0706773,174812305.3882115,283198090.5710588,458010395.9592703,100012901.60988928,0.03924496037012573,0,0.0,9
Office Equipment/IT Services Co 34,LIVE034,Office Equipment/IT Services,2025,0,0,1615173872.1620774,1174969170.6715803,225500022.30194467,56292831.07324807,99833600.2691891,254954105.66364628,434378279.68060845,985772691.6870457,1673604328.4670653,232466790.23956627,341030315.7820976,573497106.0216639,93501162.43631616,0.030960642330571803,0,0.07901979824293018,4
Office Equipment/IT Services Co 34,LIVE034,Office Equipment/IT Services,2026,0,0,1789196510.6995769,1288109842.1415796,177299970.85910353,48597062.93221421,178586771.1223028,321195986.85762346,494564466.4728774,1104805697.972636,1944555500.5176756,263672794.57042393,412576235.18887067,676249029.7592946,157915112.7508388,0.0357537664943554,0,0.046949132448579595,2
Infrastructure Finance Co 35,LIVE035,Infrastructure Finance,2022,0,0,521966087.9657886,382383068.95082873,49509710.32503929,16990358.187516857,55284743.40593582,89488396.8231907,122439620.95036246,313179652.7794731,503305045.3930123,51428110.51356516,52971702.20210957,104399812.71567473,53037884.01336518,0.0,0,0.0,0
Infrastructure Finance Co 35,LIVE035,Infrastructure Finance,2023,0,0,548719158.5190662,397787684.89510316,70196637.81750526,17299963.284376103,45970613.79045617,100314782.03917392,155165644.63430712,350011000.2888107,592480061.774613,71459846.38404937,122692450.79597373,194152297.1800231,42211341.8032562,0.0166755746566023,0,0.009122080083501724,3
Infrastructure Finance Co 35,LIVE035,Infrastructure Finance,2024,0,0,622968944.9143926,437835317.45424795,66493540.35514499,16626278.565583456,63195520.6031837,100654558.51909973,152201500.65322542,391659777.5431946,652417624.0880531,67773429.31540456,84602234.94992673,152375664.2653313,65198678.51052677,0.014629030104338869,0,0.029555045489560526,2
Infrastructure Finance Co 35,LIVE035,Infrastructure Finance,2025,0,0,671974147.7353438,447348190.8388614,80906188.55729756,16130345.887678836,90230454.90899053,132888585.67280778,200070951.9616375,437008278.25625765,692818770.1624359,85439698.18013674,205926446.57720315,291366144.7573399,97094612.52640165,0.038309542887565655,0,0.0,4
Infrastructure Finance Co 35,LIVE035,Infrastructure Finance,2026,0,0,828128339.589224,597626961.8939962,103090208.9092389,19573010.281735193,69855101.63677236,147382916.17774856,243457714.07078362,491524943.58340657,866079176.4770619,77008955.81710824,159720614.07976484,236729569.8968731,62192743.135026924,0.02869675756694491,0,0.10890924264085923,5
Private Banking Co 36,LIVE036,Private Banking,2022,0,0,1205962564.6167488,784744190.6237303,175230218.40423962,36326298.1554424,139494291.20221108,198433006.95725712,357621205.87669706,723577538.7700492,1277377526.291263,162226784.44741186,330155473.2327712,492382257.68018305,119466526.66616948,0.02754861892474043,0,0.03527156226691944,0
Private Banking Co 36,LIVE036,Private Banking,2023,0,0,1253382850.6346314,957390331.6592813,124884118.9920235,40930615.94192245,89261601.91019858,249446838.17667904,342972020.0564662,807954007.4648824,1337901920.2464652,158037427.34453225,218327323.22716862,376364750.5717009,85000801.06612906,0.00400050665915655,0,0.1204953108637514,0
Private Banking Co 36,LIVE036,Private Banking,2024,0,0,1462528679.177552,934640645.4280494,174553548.89998263,51393649.49096175,204515052.40430972,216921395.68204573,366658706.861291,905319061.6477064,1505309536.701277,152563430.27775675,291650379.7549992,444213810.032756,184307347.65901577,0.04299664069614839,0,0.045513461504419074,6
Private Banking Co 36,LIVE036,Private Banking,2025,0,0,1599932959.6304069,1129342550.1822531,200288812.0299795,37427519.1394287,153148792.34180105,306739269.60592073,473835716.81845295,1012475281.4786578,1792716736.625203,212494427.5878151,504416828.24827135,716911255.8360865,144767973.18251488,0.043902227106518046,0,0.02573018985429385,0
Private Banking Co 36,LIVE036,Private Banking,2026,0,0,1727881222.7750194,1272241683.8688061,287900421.9292122,58915977.052125745,72181731.78289287,300226003.91828585,540958820.9832281,1129243601.0617685,1849150466.8306708,198175531.7644074,327066511.714282,525242043.4786894,57175538.50790279,0.03060327204779694,0,0.03648017220983208,4
IT Services Co 37,LIVE037,IT Services,2022,1,0,2739462524.8908753,1969478636.9232757,386658110.73776406,87370216.93724786,170992346.06277558,520565591.78207654,816533193.6549268,1643677514.9345253,2808489871.6320577,319398885.58941036,563556727.4012915,882955612.9907019,172507110.62771314,0.006417366051412106,0,0.007952543066477094,2
IT Services Co 37,LIVE037,IT Services,2023,1,0,2994654090.0994596,2105226964.1140435,393608899.61681426,71429875.92143148,296162140.7950843,508301717.48305106,816098957.302155,1842720544.887534,3099403469.026678,309356682.4265066,608723059.4466897,918079741.8731964,311200208.32822275,0.018809714933998748,0,0.005509800532579497,0
IT Services Co 37,LIVE037,IT Services,2024,1,0,3338280365.658889,2316681417.8462324,375655755.0173148,108248803.07596406,379688692.85190344,629169671.2176241,1029486820.3143601,2064916179.5171044,3501582496.939998,340268617.82502586,687050495.6010486,1027319113.4260745,346999763.67833036,0.008616732730390573,0,0.02791541029135029,0
IT Services Co 37,LIVE037,IT Services,2025,1,1,3951737408.870312,2786617134.996376,418714111.1048689,133315276.3818031,410874781.8180925,666291669.6366416,1006521972.1598947,2318729642.1057124,3849037271.060284,480163178.9229574,859501015.9014913,1339664194.8244486,379367805.12554073,0.018109077698729308,0,0.09295230290888679,2
IT Services Co 37,LIVE037,IT Services,2026,1,1,4324161532.767911,2725891559.6295743,377163814.8000265,143867452.39981923,769993203.643908,912188653.5760074,1052612797.8548845,2596913448.128525,4436931941.0733,565881208.3712919,1055722782.19779,1621603990.5690818,457013310.54660624,0.025941773987150925,1,0.19098809578703077,3
Housing Finance NBFC Co 38,LIVE038,Housing Finance NBFC,2022,0,0,2894701986.304623,2046050285.9310756,362138412.4009523,81083817.00118454,283239628.00277853,456557237.62387127,848888925.665498,1736821191.7827737,3040683392.6715193,363023730.0453461,469937968.8500759,832961698.895422,278560488.3782522,0.018659727791906344,0,0.01958801353313566,0
Housing Finance NBFC Co 38,LIVE038,Housing Finance NBFC,2023,0,0,3275347638.611701,2030214730.7237325,375782124.849368,74399760.37111302,512814102.2407518,559866113.6656176,923743907.0736475,1952693209.4668422,3434223698.5645914,350798882.9818242,745302171.6640607,1096101054.645885,451232945.32092375,0.013803570169859884,0,0.004114551274987027,0
Housing Finance NBFC Co 38,LIVE038,Housing Finance NBFC,2024,0,0,3894020973.022137,2601493059.0364285,520911884.8802612,135836406.36226043,433579865.7796575,485873398.05874705,942493113.2974055,2205975054.4019547,3753262563.6360116,516122075.469944,821968873.808633,1338090949.2785769,377663493.1769768,0.005019602246089534,0,0.01439729169085184,3
Housing Finance NBFC Co 38,LIVE038,Housing Finance NBFC,2025,0,0,4292886211.594912,2916145830.4880443,397697934.57478255,107727846.61380342,560985637.3273233,569919209.230011,877113702.0087589,2486798616.613759,3902003887.997255,522551903.4759393,550066592.4061674,1072618495.8821067,527739226.9932569,0.030585528161418154,0,0.0,1
Housing Finance NBFC Co 38,LIVE038,Housing Finance NBFC,2026,0,0,5285704137.616758,3537496069.1026187,590067637.2824051,143409882.83552438,749048510.1948181,962473340.5128052,1536391437.1299896,2825687781.9930096,5100569577.752153,684994540.9611099,1101837667.6268592,1786832208.587969,772771345.1775081,0.014516544621349815,0,0.05206030333908099,1
FMCG Beverages Co 39,LIVE039,FMCG Beverages,2022,0,0,633636313.0111173,401077344.02857244,88732325.21562566,23530036.223475557,82315187.50894612,78011776.413255,144607992.63020086,380181787.80667037,608582249.3152165,64446182.74199863,119807123.95970695,184253306.70170557,82253189.60534285,0.0054724245323785285,0,0.02755611898598076,6
FMCG Beverages Co 39,LIVE039,FMCG Beverages,2023,0,0,729112050.9328349,533898607.140408,100176513.37185256,20106246.329468936,52997700.17186234,127467477.53816488,213636267.07535717,428042843.98751223,725856697.0132728,103733100.36840834,114224689.01491505,217957789.38332337,51448224.49717612,0.02258246186997227,0,0.07425612794347905,3
FMCG Beverages Co 39,LIVE039,FMCG Beverages,2024,0,0,822914613.6348933,596871736.4181936,76533241.23523395,28276780.793675035,83564804.34895945,130930110.47650366,190094966.10079294,482029859.9888823,819413285.12985,92654085.8931674,177894765.8545263,270548851.7476937,75058178.49432907,0.03644301710233691,0,0.006171758790840157,0
FMCG Beverages Co 39,LIVE039,FMCG Beverages,2025,0,0,870086545.6085413,606255891.8091781,85404522.51002917,27540499.342680953,114762936.27542973,146090016.3060333,185253736.118644,539995083.0689758,854745647.8217063,98962907.84920628,135968766.39370236,234931674.24290866,118953623.96813925,0.016737563183761718,0,0.04112612564532063,0
FMCG Beverages Co 39,LIVE039,FMCG Beverages,2026,0,0,1007847794.7458626,763449215.8008729,98124334.62322782,35078613.59503025,63882164.2450728,153198507.61439142,289129396.16538703,606587325.2983382,1070132958.978271,109710873.62974638,283826746.93175167,393537620.56149805,56903595.77111296,0.030090998037340055,0,0.0,5
Jewellery Retail Co 40,LIVE040,Jewellery Retail,2022,0,0,2867966548.788744,2057736792.8470304,379740131.3263918,92380386.86894906,228884349.28810942,467566926.46683127,785925767.9130347,1720779929.2732463,3114295809.5152497,398040512.7539732,774835232.4450737,1172875745.1990469,273993100.1428229,0.02515958476767844,0,0.07423217556558512,4
Jewellery Retail Co 40,LIVE040,Jewellery Retail,2023,0,0,3158532444.412066,2306578264.354059,350982338.9143229,86762213.07630196,295074944.3175873,514096854.5846977,898645313.0171988,1930329949.372047,3384543817.429514,368807872.62847507,563527375.343539,932335247.9720141,307120487.3599262,0.027738911809098658,0,0.0,1
Jewellery Retail Co 40,LIVE040,Jewellery Retail,2024,0,0,3541011036.893999,2461124963.4924607,480078216.91101193,122343728.29819727,331453353.7377747,571103948.4048824,877482726.792742,2165290399.6979084,3546170579.258016,426266284.4572066,703085189.0452704,1129351473.5024772,264882329.01929677,0.016025166650705688,0,0.0528102826544576,1
Jewellery Retail Co 40,LIVE040,Jewellery Retail,2025,0,0,3860445864.8332376,2730897602.405021,500930789.1699259,94987096.88962711,319430016.96194834,676667784.3128959,1193006513.8556788,2423271404.9305077,4285925710.3026495,349890448.57458466,807389705.7866822,1157280154.3612669,310016654.09000224,0.021775911169235922,0,0.07696522764714371,0
Jewellery Retail Co 40,LIVE040,Jewellery Retail,2026,0,0,4370635210.826075,3050929371.223781,561217780.493801,149162589.03010875,389794089.6221993,462953618.6085197,845693468.5374336,2714501307.6197267,4147029271.8920465,435351586.26294065,863745776.1181989,1299097362.3811395,368559809.24088085,0.0,0,0.060775398465087824,0
Textiles/Plastics Co 41,LIVE041,Textiles/Plastics,2022,1,0,1648137832.9597616,1166312854.985898,147136769.5050722,37270923.33014501,193560850.48164344,314737174.68159354,470347066.76343817,988882699.775857,1658736222.0533586,188609719.52158666,350479338.9909372,539089058.5125239,188913604.95629537,0.038783791319931295,0,0.01655453299982903,1
Textiles/Plastics Co 41,LIVE041,Textiles/Plastics,2023,1,0,1831411191.0408955,1258575588.7793586,218911401.5327541,50358147.35621804,182909821.95924675,253697978.27656344,373596561.41393167,1110119740.3211775,1714711526.3379443,181416233.01574838,392993581.1743302,574409814.1900785,182559978.9382928,0.010961207104191252,0,0.036988568471843945,0
Textiles/Plastics Co 41,LIVE041,Textiles/Plastics,2024,1,0,2012122882.4787881,1438326199.4997323,257510758.13941595,68663068.49594513,159555204.5599155,260944493.2352961,411949172.6136974,1244029476.6547523,2000634888.000445,308704771.16521806,449485840.12087524,758190611.2860932,151062497.31305018,0.0,0,0.0,2
Textiles/Plastics Co 41,LIVE041,Textiles/Plastics,2025,1,1,2217102659.344359,1615258799.7195559,227879516.11681995,64648179.8175517,218449832.89866373,386179976.44361347,676109804.2466239,1394242937.4088297,2525074164.5390797,265733997.60297984,622016862.004747,887750859.6077268,121427661.30863586,0.07021244162604477,0,0.0687628739083368,3
Textiles/Plastics Co 41,LIVE041,Textiles/Plastics,2026,1,1,2706041203.9865265,1800397259.4304938,335839390.92852354,66739649.47352589,408305800.42596316,424141887.6023202,728534148.448753,1561944081.2735538,2866125745.837046,340977748.22307825,561290542.5102347,902268290.733313,20415290.02129816,0.020425831528232567,1,0.42213033741190215,13
Financial Services Co 42,LIVE042,Financial Services,2022,0,0,3334387555.6996827,2274583459.781103,383886169.2481361,122074194.03178622,394221630.5862184,544273724.7135594,987621373.9391847,2000632533.4198096,3470283205.524974,429983615.180936,788774349.2478772,1218757964.4288132,341817815.4879729,0.02510707949213514,0,0.0,0
Financial Services Co 42,LIVE042,Financial Services,2023,0,0,3695595460.5670133,2467653714.931933,469839993.80788743,105241729.79625309,458518642.58934355,592224974.8145654,1010331232.1865318,2245431282.4507546,3729460126.106055,446452796.0133116,687662436.1993791,1134115232.2126908,377430413.899333,0.010795442437507003,0,0.1284103223531916,3
Financial Services Co 42,LIVE042,Financial Services,2024,0,0,4250448658.24355,3144089384.363237,379109895.1883368,125129725.25366452,456442419.053491,791178475.2807883,1246140614.557559,2525316653.836455,4469115343.417978,396505610.057986,1103317972.4034905,1499823582.4614766,421390122.9558821,0.028630924536109083,0,0.009291500900694347,2
Financial Services Co 42,LIVE042,Financial Services,2025,0,0,4901501041.9984665,3379290444.0335712,573080235.8058342,156959424.68719032,528124636.44112146,941625736.1932714,1534604711.7426758,2846151205.5514717,5004099693.373712,643904732.1636178,814997987.2204834,1458902719.3841014,451665512.8805418,0.030338094413989762,0,0.0,4
Financial Services Co 42,LIVE042,Financial Services,2026,0,0,5395288687.816745,3817607376.49725,624607542.6470807,172912291.2347656,553181250.8501232,940692927.2075913,1492455131.6160495,3201300176.1088533,5299745264.440247,629104204.9458798,1425970398.9670045,2055074603.9128842,599719052.9206061,0.027173484576086773,0,0.0,3
Healthcare Co 43,LIVE043,Healthcare,2022,0,0,1475324316.9792676,1116729134.5606046,187060553.18739223,45632170.93179411,89123680.1086465,255084066.8487622,463238905.31517905,885194590.1875606,1573204324.6178355,175219391.13871813,338947057.0691234,514166448.2078415,99157844.49227357,0.009763522383001091,0,0.06016034666969525,0
Healthcare Co 43,LIVE043,Healthcare,2023,0,0,1683932477.839725,1206386304.9366837,200401762.7401976,61861981.1586986,165778133.27931398,256745994.75270995,509091321.26280224,995947051.7851737,1736029058.4092338,182836811.031746,193138176.56134546,375974987.5930915,176004542.9542588,0.029682455923712943,0,0.1708902768058223,0
Healthcare Co 43,LIVE043,Healthcare,2024,0,0,1893633470.287894,1242706197.808351,229892235.73522907,64441295.863332145,213104393.05483696,364374747.2778083,578170233.8558474,1120507136.8531237,1939235365.550104,205291073.63286752,342910663.8742172,548201737.5070847,170863217.6851917,0.02861758494203367,0,0.10957968070912832,0
Healthcare Co 43,LIVE043,Healthcare,2025,0,0,2096448254.8807085,1445614090.2628443,240439953.29295185,66334494.52105901,223164405.03243974,379544131.95707923,586510929.910701,1258944763.7027528,2287100335.281423,253515519.48321024,351518397.22716594,605033916.7103761,233910947.23680225,0.0263080016414602,0,0.08634364318482118,5
Healthcare Co 43,LIVE043,Healthcare,2026,0,0,2276041123.913021,1637802523.0490458,267332259.58147204,66330099.38161976,187455308.01958382,424999671.89168817,663407609.973117,1410515162.8094864,2323418213.245032,202301845.2064819,658082193.4425071,860384038.6489891,176728080.38761267,0.013525897942983827,0,0.03630041175514985,0
Retail/E-Governance Co 44,LIVE044,Retail/E-Governance,2022,0,0,918977545.0956486,619761231.8293886,123493912.65527007,30433278.822590888,101324157.54760046,182241236.62835714,257469896.65552443,551386527.0573891,946821814.2748308,110550901.11257535,208416347.0659083,318967248.17848366,92776673.3474205,0.02314746305589588,0,0.0415578707398517,0
Retail/E-Governance Co 44,LIVE044,Retail/E-Governance,2023,0,0,1070329527.0210139,748923946.0937719,104880191.79536392,22828064.346660852,133039780.65654784,182527533.64913592,301701677.44292855,621444599.2201616,1021640492.9349611,99304811.14822574,305139569.2631938,404444380.4114195,115242157.72433929,0.026108410311366893,0,0.015653118916707696,2
Retail/E-Governance Co 44,LIVE044,Retail/E-Governance,2024,0,0,1190277149.1970942,855806444.6359447,156201049.99720162,36522310.008131176,93211000.04767545,196818854.0399336,286977139.46160024,699601794.6566211,1180385133.9823272,205358157.3024039,315763059.6393572,521121216.94176114,93907084.03885482,0.019143927022588523,0,0.0,0
Retail/E-Governance Co 44,LIVE044,Retail/E-Governance,2025,0,0,1389269205.3437912,919024105.3860986,144768628.60424733,36820829.126557015,193895039.49209604,188196832.3551834,325721311.38989234,790053308.7635093,1287007768.4439862,146122818.77176675,207131607.72430095,353254426.4960677,192302931.86073396,0.017678743095046426,0,0.04107140160530732,3
Retail/E-Governance Co 44,LIVE044,Retail/E-Governance,2026,0,0,1556353528.4396765,1096079385.2713194,178101198.725962,50351541.20742697,165383682.28638384,251525648.4704817,382826161.66354674,891572584.4483984,1467665962.6449773,210703731.98429325,326184508.55628514,536888240.5405784,163138412.75483054,0.022808543487255223,0,0.05231016379074768,4
Aviation Co 45,LIVE045,Aviation,2022,0,0,2400697632.3124075,1660172110.6697464,299943484.2339397,63189338.6645568,269861269.42850375,366116228.19696707,609594728.3327551,1440418579.3874445,2377981834.9177465,264651951.43346748,659230007.1792693,923881958.6127368,241839500.90647647,0.015259195266336387,0,0.0,0
Aviation Co 45,LIVE045,Aviation,2023,0,0,2655096879.698736,1994646832.540858,352161679.2729801,116820243.17996939,126687959.74988498,472607226.7669437,699515790.9322054,1616385980.7540045,2817663063.069785,303635336.6684186,474520426.1241303,778155762.7925489,118549955.38963093,0.027577767609361873,0,0.03862896846221718,0
Aviation Co 45,LIVE045,Aviation,2024,0,0,3094461539.239429,2184581379.9137034,292621245.67032635,98976841.2929895,306130391.11629015,542111612.7221894,870313191.7674892,1819600637.1385963,3208884789.059845,367309758.0582853,829455994.1732326,1196765752.2315178,313470153.7022401,0.024461410042476747,0,0.09637728886567716,4
Aviation Co 45,LIVE045,Aviation,2025,0,0,3463130820.2697296,2469849163.31248,322493743.6242634,111172769.77649036,395818287.7837365,489248869.9374846,772780165.207808,2047345197.2662406,3387375829.109529,410646486.5827092,358086000.866341,768732487.4490502,387905347.0834205,0.0014757708501104555,0,0.002737172406331187,6
Aviation Co 45,LIVE045,Aviation,2026,0,0,3931675269.798578,2536927737.718408,376209710.76594216,111474955.28532521,618735814.2967113,590312030.0995156,945980494.6809335,2305349316.6741567,4023753681.1622796,442330047.5132066,950048825.4822297,1392378872.9954362,514682123.153756,0.018287672559076738,0,0.0,0
Office Equipment/IT Services Co 46,LIVE046,Office Equipment/IT Services,2022,0,0,1242657969.1608856,833217718.7033072,83875767.35512297,32111765.816645082,201882208.9833673,208850449.11266187,339765467.40128535,745594781.4965314,1260393549.8872552,136024989.84787932,236607285.26993418,372632275.11781347,210340949.98499566,0.012679920670942856,0,0.04685966384280223,2
Office Equipment/IT Services Co 46,LIVE046,Office Equipment/IT Services,2023,0,0,1363488774.1084573,890616512.5793147,155429314.11546934,47441273.783310786,200232963.10663107,212411944.60809797,339787602.2606055,836137063.6468502,1369983622.8728142,186913582.0988646,289820718.8525766,476734300.95144117,193990335.40374595,0.008747764896201651,0,0.0016254961312382743,8
Office Equipment/IT Services Co 46,LIVE046,Office Equipment/IT Services,2024,0,0,1472636070.9837513,1038701427.010895,153897184.76851502,54716523.39152028,156393104.64818987,231555909.30633232,369433726.64400196,934852979.1054432,1517689946.118404,135990926.39189354,296865661.96044004,432856588.35233355,152277251.97556052,0.03850463233843754,0,0.054299953250260775,0
Office Equipment/IT Services Co 46,LIVE046,Office Equipment/IT Services,2025,0,0,1621628195.082494,1139712019.389663,283444526.26576835,55673465.42207085,91313091.69311485,235395113.39458048,353650484.0145923,1043979978.2327313,1623926924.0579984,197563820.49920413,172773198.49035364,370337018.98955774,78352774.09510316,0.020103355631823548,0,0.029591341200552294,3
Office Equipment/IT Services Co 46,LIVE046,Office Equipment/IT Services,2026,0,0,1819539040.6088111,1339981421.7140357,244331841.77162203,43816691.759380035,145879891.55884477,251367343.5184799,448509696.98989433,1166276329.610154,1978561003.904749,229809346.94676343,451394637.3615404,681203984.3083038,138790559.48605004,0.009736015458848066,0,0.025493082588031037,0
Infrastructure Finance Co 47,LIVE047,Infrastructure Finance,2022,1,0,2142479967.481063,1480686136.7376935,236157743.8085209,79342627.03840284,241084639.54877955,310417635.7482937,527071352.132012,1285487980.4886377,2070872540.2642977,239374777.15722638,387035286.1744011,626410063.3316275,215030946.17151037,0.007844971411543049,0,0.0,0
Infrastructure Finance Co 47,LIVE047,Infrastructure Finance,2023,1,0,2343547458.2538257,1714751162.8650465,310636929.52276087,51575637.88900376,163040970.5901334,345134419.32440263,594536896.325001,1441229992.8159883,2432458029.3612857,312278923.5399723,301343332.199581,613622255.7395533,151875146.50262207,0.0038177273048160786,0,0.1723158929455162,0
Infrastructure Finance Co 47,LIVE047,Infrastructure Finance,2024,1,0,2496048842.4581904,1825698000.682468,247578049.91122004,56202777.02136037,274058628.5721466,375617954.02209526,559306024.9231945,1609269334.7233775,2375478426.962492,287339715.40896195,437519723.50465494,724859438.9136169,246076231.28877023,0.022213752539762283,0,0.06975865714077432,2
Infrastructure Finance Co 47,LIVE047,Infrastructure Finance,2025,1,1,2894437721.1518598,2000195590.234779,269564518.3716219,91038070.87315845,332275968.09134346,603170441.6235992,732081801.0780803,1797673370.338678,2754029168.279164,293953947.3013255,428706532.0949041,722660479.3962296,202235970.58969283,0.043127416839746524,0,0.10495919968926554,3
Infrastructure Finance Co 47,LIVE047,Infrastructure Finance,2026,1,1,3127635995.484838,2192972989.5277495,271884512.24974465,91323779.30750512,401086184.0883744,623829566.8580831,830934358.485177,1999846615.8498359,3301578032.5704627,296796028.3011612,512033939.79126906,808829968.0924304,140609016.26485175,0.0167548166789375,1,0.2631554901183098,9
Private Banking Co 48,LIVE048,Private Banking,2022,0,0,989884584.8199373,650459472.6108731,112697810.30444235,28122485.273220815,139715476.8516407,181471349.89303514,287618664.02374506,593930750.8919624,1037648044.3136553,132386247.10262942,296914161.82088244,429300408.92351186,134640511.69315606,0.018869596291286157,0,0.12543598116612892,4
Private Banking Co 48,LIVE048,Private Banking,2023,0,0,1108797618.8120604,786835383.6495667,133170728.6959115,34347118.0361331,107816183.08049221,143201553.80623716,234402596.82036513,667188554.3593243,1035819803.3498756,118778303.58491257,240036253.29366222,358814556.8785748,100968310.17879231,0.021963946050101883,0,0.0,0
Private Banking Co 48,LIVE048,Private Banking,2024,0,0,1270469998.1895921,866946201.5191007,167573784.75200656,33511353.394757178,139294623.6277559,202828046.88734373,312261582.34209013,750727710.8995837,1246936995.8951616,154798564.7754058,239962526.85440186,394761091.62980765,131980489.14799257,0.005565532030631603,0,0.0018684762457024384,1
Private Banking Co 48,LIVE048,Private Banking,2025,0,0,1424111556.2423506,1003938890.1492155,154767052.96211,41462911.21955375,152964228.8787103,225032077.42577058,378810582.7859777,844455120.0386888,1413743458.8169274,187187949.3741506,309308004.28982586,496495953.66397643,155911139.85409293,0.027134604624444877,0,0.0794367811440573,1
Private Banking Co 48,LIVE048,Private Banking,2026,0,0,1708297669.373893,1183255495.240776,241331516.80150852,45679242.7453729,154382322.2936297,287516053.6401986,430189436.33741635,955203657.1085441,1637806242.4669833,201784162.58608645,146151268.38597944,347935430.9720659,143951091.77706903,0.01842682167151534,0,0.041985352858849044,6
IT Services Co 49,LIVE049,IT Services,2022,0,0,2915304943.230305,1943836943.5621777,400015843.529628,88594028.7625101,319395850.365005,465296787.1879066,709117147.7238125,1749182965.938183,2745494207.5480456,324105266.6761713,652692325.4951344,976797592.1713057,361595418.6975907,0.02061610346189476,0,0.011732224243984783,0
IT Services Co 49,LIVE049,IT Services,2023,0,0,2931374594.044607,2003422619.0285625,248309938.00130218,96007576.06241417,420733667.0743691,456141722.1590162,782400235.1424787,1948227184.6185591,3185366140.815915,306145502.0643424,931785266.0752805,1237930768.139623,387859915.3192129,0.027757523004499095,0,0.0,5
IT Services Co 49,LIVE049,IT Services,2024,0,0,3197435923.506494,2097316807.6454713,385600143.2746384,104856250.60262184,431595945.24336463,546577518.0403079,814610228.1267084,2166545796.332441,3402377575.2947173,455758880.6179058,846283188.5802886,1302042069.1981945,385626643.77860266,0.012664236564989594,0,0.017720169877116394,4
IT Services Co 49,LIVE049,IT Services,2025,0,0,3498552078.577558,2553941420.007795,444785804.32438934,118020974.66594489,257942015.35015476,538475433.0523933,873366941.7626948,2406469774.151292,3702051122.704367,490999207.90528053,598525330.4751744,1089524538.380455,252262582.38857576,0.019286839328740653,0,0.0,0
IT Services Co 49,LIVE049,IT Services,2026,0,0,3812025538.8094363,2510271548.40259,472817538.7094562,95126231.79533978,510193600.41747737,873262348.1612632,1276202889.3406107,2669265144.3163023,4473743315.346656,565706718.425669,482932500.7324415,1048639219.1581104,488533643.6106844,0.039944284946810724,0,0.0441900357820123,0
Housing Finance NBFC Co 50,LIVE050,Housing Finance NBFC,2022,1,0,1024354928.1759813,705948604.7458634,150338347.45395276,36120921.34371266,92732470.36535852,136691304.20827097,250051583.74367154,614612956.9055887,976970581.3790802,118301377.58780575,210251418.18767685,328552795.7754826,79656494.73006816,0.009757376656411366,0,0.04529394677160907,3
Housing Finance NBFC Co 50,LIVE050,Housing Finance NBFC,2023,1,0,1152443120.0484724,770009983.9209613,152285065.49387902,34997718.78217893,125421230.82366984,172615763.49504915,297308624.3913744,690673501.61518,1172486784.256262,89892822.48131584,188437560.23438337,278330382.7156992,131235834.85519427,0.020792150478041393,0,0.0,9
Housing Finance NBFC Co 50,LIVE050,Housing Finance NBFC,2024,1,0,1240542505.1690712,869456857.0916405,158400752.87445262,39694412.3637786,114454002.47162811,251127360.84961644,400072001.82044196,773420831.9220891,1390163650.554542,163163325.37220788,208293961.80840564,371457287.1806135,120428777.84588836,0.011568673419882507,0,0.06416433990753229,0
Housing Finance NBFC Co 50,LIVE050,Housing Finance NBFC,2025,1,1,1379060520.2072895,1036633164.3520865,172707335.14008695,32378833.191373743,98972049.1298953,333696983.9884732,449570088.5250905,863773420.2593013,1613983098.3074021,161397496.91923124,391390032.24862057,552787529.1678518,65296315.03163767,0.06884564565140792,0,0.05170888578622872,2
Housing Finance NBFC Co 50,LIVE050,Housing Finance NBFC,2026,1,1,1523193923.2610283,960996787.6004231,183575591.18168762,41333122.73419158,257615961.05139834,327464461.91708404,437735949.0599258,962719728.109931,1612610226.8700736,144646691.0014546,264305366.53906366,408952057.5405183,94562414.4855464,0.09374514623563082,1,0.26771459128782676,3
FMCG Beverages Co 51,LIVE051,FMCG Beverages,2022,0,0,1022394005.2097806,745073488.9638934,151487073.72521603,17691465.392149527,77850648.01681377,155192442.7549744,292036100.6867626,613436403.1258683,1036927904.1661206,108781308.10103899,200625109.5893159,309406417.6903549,76535578.58921684,0.015581442177071306,0,0.0,0
FMCG Beverages Co 51,LIVE051,FMCG Beverages,2023,0,0,1119034917.2219691,740308722.275304,135957746.82744393,36094959.622556016,137836530.5350593,216590762.56502378,324282389.1036806,687791241.0807428,1165044476.4746583,158816621.7105951,190929797.98879668,349746419.6993918,124386691.71389519,0.02010246684016898,0,0.05001350520440899,2
FMCG Beverages Co 51,LIVE051,FMCG Beverages,2024,0,0,1276424222.59323,813401243.0746433,161754814.84016082,23115698.274352197,193681719.94979674,205337088.88600612,339258173.2092272,772246189.4428267,1301869826.20952,151827799.71164304,300279153.1835563,452106952.89519936,175598342.66011587,0.010523136643608244,0,0.20118907263111957,0
FMCG Beverages Co 51,LIVE051,FMCG Beverages,2025,0,0,1404602812.6888473,979002138.3868247,126536165.6185327,42956043.69751862,162203408.0268238,276462393.64446104,432890467.2528842,865643715.760554,1434589425.9811661,220154499.96578947,201424868.91114402,421579368.87693346,173928259.50186032,0.03021543865981486,0,0.07886663708923401,0
FMCG Beverages Co 51,LIVE051,FMCG Beverages,2026,0,0,1537855502.8722854,1069505153.6995419,170058478.6890627,46358958.410370894,168166827.91596264,290231639.19547874,429106130.2393233,968505802.3769848,1602439188.4946573,195567840.9861323,248878328.62650394,444446169.6126362,129418828.91518936,0.02407129803208276,0,0.07595514989784109,1
Jewellery Retail Co 52,LIVE052,Jewellery Retail,2022,0,0,851217949.4642282,605112393.1154853,94521515.36238217,33855885.25793402,82129883.88320328,129900953.70923631,204869903.29477233,510730769.6785369,787450113.19594,118638340.51864451,175141099.06642297,293779439.5850675,76846199.1115682,0.018627732981637442,0,0.08680721311305276,0
Jewellery Retail Co 52,LIVE052,Jewellery Retail,2023,0,0,894986474.3260978,642328606.4242122,87058863.05859499,34776978.46462678,94686729.49182819,116101912.26824264,203231607.94904184,570802016.4851979,895596767.5911772,83692293.6577928,266205492.2068936,349897785.86468637,92319863.6004902,0.024748163228630916,0,0.015399252538389308,4
Jewellery Retail Co 52,LIVE052,Jewellery Retail,2024,0,0,956660686.8999933,680580832.8232048,109378016.92425038,31622428.379918173,80851796.56636249,204970029.11950782,280059861.7480515,635759111.3247535,1032823402.6575562,92568397.14590056,219490345.22945955,312058742.37536013,77235996.21832202,0.015355881807688196,0,0.0,0
Jewellery Retail Co 52,LIVE052,Jewellery Retail,2025,0,0,1033166834.3153734,724719542.7596973,114359443.73451193,27453273.000064854,126201440.81493425,191550018.24025756,283847932.282314,706490226.3802649,1152900025.957317,122833700.5159251,132720564.95600522,255554265.47193033,134312036.95192102,0.01864846392967584,0,0.08732091098164803,0
Jewellery Retail Co 52,LIVE052,Jewellery Retail,2026,0,0,1181692380.419188,833028526.7834634,121316029.07690616,42753621.359031536,128398276.19393632,221169898.02387184,366667930.059983,786769552.1926322,1357823322.616382,108202198.18974742,224334197.8464273,332536396.0361747,111666561.89180738,0.027275336936257992,0,0.05853259708750257,0
Textiles/Plastics Co 53,LIVE053,Textiles/Plastics,2022,0,0,2081477581.8195543,1337893746.7886503,285073894.7045929,58042894.74195443,288698096.6640902,292969110.13757515,514985442.56082946,1248886549.0917325,1941323180.2561123,248230323.0030926,289231597.1035273,537461920.1066198,276602964.150997,0.009222636419527365,0,0.07121240687275944,2
Textiles/Plastics Co 53,LIVE053,Textiles/Plastics,2023,0,0,2306014354.289887,1517332130.8353207,277032321.1609423,60317923.920882694,301334371.2063253,387693463.46963453,645498961.596312,1401653863.2789788,2563875023.143854,248042468.10782987,478445413.68980795,726487881.7976378,272387986.0117473,0.022121137011312242,0,0.06908452672398069,1
Textiles/Plastics Co 53,LIVE053,Textiles/Plastics,2024,0,0,2406983423.026125,1606445341.900776,259136822.0054423,84078025.61824133,323293177.7641749,369956402.2120604,727473725.8838403,1564052650.3286543,2593578101.30226,303180415.1257847,421428032.6724852,724608447.7982699,353310839.3642403,0.028868263287992038,0,0.0160825060579428,3
Textiles/Plastics Co 53,LIVE053,Textiles/Plastics,2025,0,0,2722666759.9676876,1884818144.742214,298588069.8600257,92001145.36325097,312842416.78364295,433344013.50709134,729083044.2785764,1747107567.8368983,2903327010.943395,329937840.26738083,487611461.0221133,817549301.2894942,339590849.8825955,0.00949580056651453,0,0.07138181094398725,1
Textiles/Plastics Co 53,LIVE053,Textiles/Plastics,2026,0,0,3063322754.7006564,1982624092.6361961,312245558.2690293,80637939.23879044,434361533.35989386,406009694.1758377,683024225.110621,1952686932.607038,2897407834.8750715,382328494.6604092,507015244.4309482,889343739.0913575,360935087.9702375,0.030856094029740586,0,0.0,4
Financial Services Co 54,LIVE054,Financial Services,2022,0,0,3497313104.235969,2475647727.2091064,407832697.1301164,127166481.34204814,312714936.6220369,626342742.5259167,1032668796.8494627,2098387862.5415814,3638907160.8147764,399469686.04837954,411412030.26781154,810881716.3161911,270654902.9158438,0.023183592265747337,0,0.043105890552888194,2
Financial Services Co 54,LIVE054,Financial Services,2023,0,0,3986874062.584867,2666510645.988475,383750733.36162394,114898116.27222198,566519232.9135581,829738464.7836359,1251560371.7713547,2360683201.5470724,4424875967.004276,358906753.2540127,883265801.6219128,1242172554.8759255,554796226.3581524,0.01085444953206078,0,0.06503572709088642,0
Financial Services Co 54,LIVE054,Financial Services,2024,0,0,4264671813.0599403,2896920259.2255645,601986979.9374758,133747217.28953186,371221783.6227477,730513546.7547135,1158788833.2099533,2644737288.246482,4098555782.5759406,617765891.6971399,847715872.2118516,1465481763.9089913,328336025.82638633,0.02994955597566664,0,0.016122999354655054,0
Financial Services Co 54,LIVE054,Financial Services,2025,0,0,4577343468.07012,3154931332.6575427,712329711.3243022,174478884.86178654,373843544.2696874,804834204.2264781,1147495630.7150369,2952946580.2973824,4875498376.728863,482079088.2786072,1052736640.2302964,1534815728.5089035,348348382.72729546,0.025012083271142144,0,0.05590517325032301,0
Financial Services Co 54,LIVE054,Financial Services,2026,0,0,5191719123.273245,3606340720.671625,689683850.0431585,167327247.36658934,491553755.0709478,863006296.3024064,1427623745.4769042,3301120933.8699665,5670183804.051244,660655915.0025861,879440474.7522638,1540096389.75485,371090154.36753184,0.015228790979819187,0,0.08804727629405583,0
Healthcare Co 55,LIVE055,Healthcare,2022,0,0,1780784478.353413,1166328255.6239479,152911072.89643034,49341902.650237225,297786262.78070456,325442172.6478034,530485913.2673789,1068470687.0120478,1912483439.2431386,200884538.7058241,414082051.06865126,614966589.7744753,311020533.76842105,0.03890458993274452,0,0.0871302479617646,2
Healthcare Co 55,LIVE055,Healthcare,2023,0,0,2068421493.5729516,1451250553.1926327,271269199.6156113,60856343.83915268,196533677.47522718,384604658.6439881,544279156.0757245,1203945882.3010569,2031674584.8243246,252247859.19622943,608586789.0942863,860834648.2905158,180061278.28792712,0.013339841860396037,0,0.022459154133310313,6
Healthcare Co 55,LIVE055,Healthcare,2024,0,0,2271522554.5751677,1781715077.0138352,227027866.33051246,99166596.16681711,116090650.12308379,412776446.2813781,678368553.3402958,1353640386.498847,2498091431.683347,290234784.7018969,432196259.6026909,722431044.3045878,117595969.18372521,0.01301747303137139,0,0.0,0
Healthcare Co 55,LIVE055,Healthcare,2025,0,0,2563877940.5945263,1915098503.3618996,261697833.6565464,61817792.197504714,226273617.07527593,249020936.808092,451879483.4516083,1522443495.1235387,2322610953.4088364,276619381.14935946,640985423.8886954,917604805.0380548,203853656.6919139,0.02880923463199198,0,0.04905087001595692,1
Healthcare Co 55,LIVE055,Healthcare,2026,0,0,2897785616.357462,2101072521.006595,344327483.5180534,75848145.73245317,259246503.1714885,408899113.864952,756163618.5113137,1713006080.7951179,2940944307.864607,321766479.03843135,609583208.99854,931349688.0369713,244545722.36600196,0.011324090627367263,0,0.053524811451058196,0
Retail/E-Governance Co 56,LIVE056,Retail/E-Governance,2022,0,0,603103571.4857124,406147694.61205006,88105351.80636483,20491176.648475066,68270254.01948078,65608774.17915998,120537932.37315401,361862142.89142746,582965519.4849099,74200037.1143236,124622655.5848169,198822692.6991405,72071050.23203836,0.023820575744624997,0,0.08994564637955108,0
Retail/E-Governance Co 56,LIVE056,Retail/E-Governance,2023,0,0,660793869.3219333,484270591.55519,100627196.01306711,20157191.65880977,36165540.11650826,97148287.5072358,153858158.9452777,405757700.6442669,633298053.9460022,59465892.254774764,120484816.1452257,179950708.40000045,32641784.36274781,0.031071592854432954,0,0.06465383266334583,2
Retail/E-Governance Co 56,LIVE056,Retail/E-Governance,2024,0,0,748467224.3848795,540613095.1341968,88004350.87757479,23805004.201720897,68749789.34070386,137528810.492853,224243934.57451048,455353792.88283885,780868661.4274355,62682807.25262646,166651388.47328937,229334195.72591582,69301569.99727458,0.025753473318075697,0,0.071109333071872,0
Retail/E-Governance Co 56,LIVE056,Retail/E-Governance,2025,0,0,810001428.7425574,586604968.6088992,106138185.17316929,26027157.944297597,59478587.04145765,115297782.03538738,186844829.4991346,509514478.1064519,857624724.7177829,111271223.65999585,156173063.32299694,267444286.9829928,57872097.57359035,0.021547922445238385,0,0.0,0
Retail/E-Governance Co 56,LIVE056,Retail/E-Governance,2026,0,0,980772691.5879084,688036953.3171482,110697627.03622481,30634937.985672284,111504518.12466593,136177251.8307797,240626633.69926402,573838547.0290409,951970787.08653,114631466.59535442,176506154.56363997,291137621.1589944,125927295.70674351,0.0,0,0.030583304843367694,1
Aviation Co 57,LIVE057,Aviation,2022,1,0,3813419251.4185414,2681381339.262348,451632925.88528997,110817980.57768847,394508756.33078545,516317125.6048581,817526611.944589,2288051550.851125,3477556081.0559487,523689040.6882779,739036880.7344121,1262725921.42269,390729915.2602448,0.005705017616365316,0,0.13924740614400694,0
Aviation Co 57,LIVE057,Aviation,2023,1,0,4356947068.610318,3027877034.0807242,597283823.0894032,109207319.28934242,406347145.968685,946108709.7732282,1408043107.9473634,2574540450.807174,4846090534.2371855,627894729.7461636,1058388604.5654556,1686283334.3116193,353873238.38173735,0.030597536108182354,0,0.0,6
Aviation Co 57,LIVE057,Aviation,2024,1,0,4827888672.356003,3350553969.7904625,323446955.81848013,136617032.57531813,725006183.9778514,841501556.6882522,1242213982.913312,2893171097.9491897,4670414256.599565,572448031.6414114,941454088.4464078,1513902120.087819,668549410.0652553,0.03227291146642193,0,0.007489631243047121,2
Aviation Co 57,LIVE057,Aviation,2025,1,1,5416110278.67107,3709995095.5499125,449970431.3451113,119010678.08037847,795487825.6946056,1017409575.2572361,1309554412.0228612,3245300486.6887674,4810121173.208939,714603905.7475022,965216199.3517123,1679820105.0992146,378537418.86027074,0.024400214629632752,0,0.06751062489292631,4
Aviation Co 57,LIVE057,Aviation,2026,1,1,5788232873.620728,4199763599.0113516,597385377.0830168,211630048.40318573,566640400.702444,1011022730.2926139,1461866287.5201056,3635992285.8969464,6075760806.115508,854636229.4810885,619533247.8529589,1474169477.3340473,336976774.0177113,0.020662558278235557,0,0.025163291901813156,0
Office Equipment/IT Services Co 58,LIVE058,Office Equipment/IT Services,2022,0,0,1436644194.4395587,912837920.2432362,175146907.5059143,34569060.02751346,216413487.65333277,195412044.72074166,309161993.98554677,861986516.6637353,1367495701.9642692,199319124.6904089,313046992.88344914,512366117.573858,214647472.71165842,0.009010754344094577,0,0.02293428222821757,2
Office Equipment/IT Services Co 58,LIVE058,Office Equipment/IT Services,2023,0,0,1544658364.3813777,1110377046.6951103,176759382.7182821,49748492.91198541,137662655.57466522,296349764.9365977,445506338.74777937,965079030.3827162,1696934344.1541219,202639716.790783,214896202.3341818,417535919.1249648,118641673.97548482,0.011664041169301037,0,0.00725825415336083,1
Office Equipment/IT Services Co 58,LIVE058,Office Equipment/IT Services,2024,0,0,1719915969.1272829,1172227094.980349,249565256.38877332,54247655.35574591,160401127.90086406,277614717.82064915,450492766.0866478,1080027199.7505617,1797946023.739028,278841042.7520612,471115486.1124159,749956528.8644772,162455044.0464757,0.010379228699284003,0,0.02435026254016283,1
Office Equipment/IT Services Co 58,LIVE058,Office Equipment/IT Services,2025,0,0,1847228260.4788623,1336030400.9206605,240156835.53585628,58713308.37779706,132828951.25741982,299336332.475633,420179376.7907016,1204789428.767022,1899207785.2622952,232056441.50566137,472218298.3665816,704274739.8722429,122601372.75843406,0.028279382674472074,0,0.059357099338510785,0
Office Equipment/IT Services Co 58,LIVE058,Office Equipment/IT Services,2026,0,0,2025848091.0868154,1504101050.959642,288584486.3318723,72889854.05632816,111573112.52888156,366946315.48797977,597229683.7292333,1342225516.1843734,2187947054.3815312,313254003.53305185,496259367.81934065,809513371.3523924,102550518.26101762,0.01331729994694702,0,0.06283918907569284,0
Infrastructure Finance Co 59,LIVE059,Infrastructure Finance,2022,1,0,923889418.7768011,651191338.1076612,145778285.66559112,34114892.23232994,64752203.13206862,163421277.95228684,276689573.64290744,554333651.2660806,946606825.0406675,109435831.24506715,103087460.25572571,212523291.50079286,67332459.85399866,0.040650242577008555,0,0.05400413123115428,0
Infrastructure Finance Co 59,LIVE059,Infrastructure Finance,2023,1,0,1039213291.2524748,708466290.3443993,105914765.39150715,27729590.95496117,140204791.47427642,196559462.3767092,303096201.52404207,622924325.3666868,1069136859.2441734,101650915.50247611,196049594.0815335,297700509.5840096,137003552.93493825,0.018218965331803668,0,0.0,4
Infrastructure Finance Co 59,LIVE059,Infrastructure Finance,2024,1,0,1131843761.7874389,885287832.4396994,125716939.09052831,30445474.094337866,62137311.48034714,206601436.27062768,303659192.21395934,698204243.2170594,1191557586.4777024,140253967.82983077,136341630.94279668,276595598.7726275,68478002.8529576,0.005612248727598006,0,0.07097486361548574,3
Infrastructure Finance Co 59,LIVE059,Infrastructure Finance,2025,1,1,1279107809.0189362,864230706.8646762,128627264.10201806,42075629.8342486,173843839.3432973,193541322.29668215,303043157.0114873,781369137.9517794,1289403628.8518856,176140796.59935388,236343328.96885988,412484125.56821376,96972636.34770463,0.012909960378586263,0,0.005363389538099575,1
Infrastructure Finance Co 59,LIVE059,Infrastructure Finance,2026,1,1,1328251167.4862592,968858275.6945765,86880473.40449992,39585099.79783111,173509104.20137307,173697058.37646264,340859597.1902743,871989283.9729338,1485859029.285741,194874222.34458652,296090802.78544724,490965025.13003373,103424246.5056795,0.028564031917743468,1,0.18229630374161818,0
Private Banking Co 60,LIVE060,Private Banking,2022,0,0,2418211430.4184866,1696291424.8126788,382744157.19959426,69193030.77957141,200311725.1101457,407005240.1434937,652209876.3967532,1450926858.251092,2527376984.031154,257030164.007929,381122317.39380383,638152481.4017328,180062994.9899435,0.02099710376324091,0,0.03895906072248353,4
Private Banking Co 60,LIVE060,Private Banking,2023,0,0,2770391019.6818976,1830835204.2489333,278377847.0390841,72945104.88448884,357756185.90042454,460143636.0358654,763767538.7779238,1632974214.9827197,2700913368.4811563,332382095.8210723,608954408.1449006,941336503.9659729,332634326.41959566,0.030757056248263945,0,0.1655915562821415,0
Private Banking Co 60,LIVE060,Private Banking,2024,0,0,3000112912.6694636,2192070353.2045083,307346203.3930111,114097281.58150552,283036050.6961915,482211728.4521527,733228558.1848845,1831969087.0656745,3095320041.208133,337218582.15924054,578813002.0004709,916031584.1597114,282669004.3724121,0.01812005061916779,0,0.03825170032510768,2
Private Banking Co 60,LIVE060,Private Banking,2025,0,0,3476526438.408842,2350616283.1666923,531664706.76059365,114473084.98090468,345515605.3655383,507030670.45830816,900155322.8336077,2060754481.5980868,3500248467.8147855,318267050.42073405,642633433.7263559,960900484.14709,325948447.87716293,0.014895421329715212,0,0.12408677972710637,3
Private Banking Co 60,LIVE060,Private Banking,2026,0,0,3792450226.5538077,2498484232.734321,475074571.0511115,115316803.39005928,445482418.5254702,607782163.5163141,883332958.9870853,2312199627.37372,3703016188.0949945,430573363.90677124,817159309.8732227,1247732673.779994,439650166.6931478,0.014186815180347952,0,0.07344348012709424,1
