Company ID,DSRI,GMI,AQI,SGI,DEPI,SGAI,TATA,LVGI,label
1,1.6247415925598225,1.1289269304169878,7.185053445978735,0.36621145043895853,1.381519087756435,1.6241448667901872,-0.16680869799877854,1.1610816501074823,1
2,1.0,1.6064917995313954,1.0049879177982592,13.0814332247557,0.4,5.198207171314739,0.060475161987041046,0.986732489972231,1
3,1.0,1.0156066454103037,1.2413894849369524,1.4750182793078237,1.1693525463013579,0.6476709298337661,0.03673163418290855,1.2643049548136422,1
4,1.4862385321100915,1.0,0.46553479199924874,0.6728395061728396,2.0,0.09288990825688073,0.2734341252699784,0.6809750077136686,1
5,1.0,1.369037817573571,0.637111991680708,0.8613464110566205,1.4546756579339974,1.7414596273291925,0.12304769945124525,0.9390472191870093,1
6,0.9055320184962963,1.3609148564444982,0.7839949124562616,1.7933237145176888,1.2782440730274396,0.5052600379904658,0.05464238392928601,1.5431370677039151,1
7,1.447483586043625,0.998407374927674,0.9665526416633617,0.9118088942307693,1.0588609834487206,0.8984209268686854,-0.03655161248310947,0.4890731895403363,1
8,7.659976157435435,0.5801840629914732,1.0357909578261923,1.4854400698004144,0.6788332103127418,0.653651140628013,0.003651969314386843,1.101591313661198,1
9,1.3462790456072309,2.473562702077708,0.7025301200077904,0.9656244775121217,0.9852728751534694,0.5945106896556147,-0.013484949309116532,1.0284587711728992,1
10,1.0,1.0,1.1666381666848025,2.5925925925925926,0.8503401360544217,0.5571428571428572,0.001028453890983887,0.1630256485200781,1
11,1.0,0.8631555347086397,1.0097669079624567,1.3950138504155125,1.0018718801996673,0.9878822725135243,-0.004573519323119141,1.0063938461447228,1
12,1.448388591011199,0.795671110105347,4.001688367374096,1.0673772363913208,1.0855467656634403,3.734491401172928,0.09045790804382432,0.22209012969842726,1
13,1.274048276867986,1.0,1.0771001593484753,0.9078743484997888,1.2404357547214688,3.7363726250779603,0.35845691758963766,0.37934790088146614,1
14,1.0,1.40058275385263,4.575692217228538,1.1958992805755395,1.14327383629394,0.8868690514602804,0.011258955987717503,0.3339769802545935,1
15,1.252242124232216,1.0064798639351507,1.1749240057473727,1.2503039862146594,0.953411259045834,1.111494402701479,-0.013453902920694313,1.1180807981221175,1
16,8.347614761476146,0.4952399146687051,0.5730163152843563,0.6721113127646702,0.9418604651162791,1.4878487848784876,0.060810810810810814,13.058558558558559,1
17,1.5259694818384189,0.9614496503200038,-0.43126546307125535,1.3316460822028753,1.0936752994624865,0.8569667915820729,0.08776857182979918,1.1076812076756997,1
18,1.7782405521611224,0.7422457915836959,-2.1300996427899976,1.9373081981587024,1.0,1.8066304593799503,0.14638447971781304,1.0795396090534979,1
19,0.6153281746502085,0.8593235165476019,0.8993777977281513,1.7160664819944598,0.9426060443009596,1.5660815173527036,0.13283208020050125,0.13858875216544925,1
20,1.0,-1.416666666666667,16.42665018900849,0.4166666666666667,0.06882266470666845,2.4,-0.004070950857807503,1.0,1
21,1.0,1.0,-1.5405442092922816,2.666666666666667,0.16576086956521743,1.0,0.035244030357253035,0.010580169062750663,1
22,1.0,0.8720096816594438,0.6525097355947193,13.064653117057642,1.1037164734071376,0.09695635562325972,0.04102794761363499,1.1766547204647813,1
23,15.343512090887225,0.0785096473719229,0.9441842827259636,0.06453759148369925,0.22929345844311255,49.30178069353327,-0.5605362021857924,1.1667851607093285,1
24,13.999999999999998,1.0,1.0,0.07692307692307693,1.0,1.0,-0.004716981132075472,1.0833333333333335,1
25,2.04,1.0,0.29153082394783747,0.21929824561403508,1.0,1.0,0.7178423236514523,1.0,1
26,0.14634146341463417,46.46666666666666,1.0,2.2777777777777777,1.0,0.21951219512195125,0.013937282229965157,0.0,1
27,2.235486063989112,1.0,0.4727173148128794,1.1690207795735434,1.0363636363636364,0.9042977469814527,0.5103363451440465,0.5360653488458615,1
28,2.165712073281565,0.9863940438742291,0.9067293159556394,1.1976091704556382,1.046819037212112,1.3636940475021306,0.017250498945308723,1.2031726830963994,1
29,1.0,1.5018097558204901,1.521190008540628,1.26302613049601,0.9947910437348005,0.7456599028700119,0.0812585917213991,1.3769396347252567,1
30,36.29118483412322,-0.5153276955602536,1.0144075045075664,0.027685492801771874,1.1428571428571432,11.794285714285715,-0.02001062511067823,1.0275928813849189,1
31,1.0,1.0585964184177032,1.1811049376003653,1.564386271794757,0.8036668779645472,1.157510911495516,0.053422901738780934,0.8381874334331268,1
32,1.3226623119037066,1.0,0.9393215884868683,1.2151822490243744,1.0477818286944094,1.2060635725308522,0.04186805486586993,0.8483334748816022,1
33,1.0099338259719541,1.0955838448837936,5.702904352799733,0.902743059663424,1.237174369779623,0.6245878516071124,0.007919806912687165,2.5562362360234774,1
34,1.0,1.0,0.40838588812091875,1.0,1.0,1.0,0.38713328110037415,0.3582689548072575,1
35,1.0,1.0,1.0862810150305697,4.527020447906524,0.5315410781082769,2.2400979363115505,0.08784162043869918,8.563866323781014,1
36,0.6644488067321416,1.4620869572416575,52.886733554342484,0.8052778233076545,0.6502497084533139,1.3600674644326027,-0.2629532835446099,3.5541471001999176,1
37,1.4274511789116966,1.00514725378884,0.4657116278520404,1.5698876703476325,0.9063739938226301,0.8494878571086691,0.1975966207778994,0.8420036552062129,1
38,3.753596530699781,3.1014341077238723,1.163565965033761,0.8479576399394857,1.002885120271087,0.2760073642454495,-0.5922579320258754,1.0705850322362074,1
39,1.0,0.9101333339735415,0.9772507942783899,1.578684985952169,1.062822479050607,0.9798503271803886,0.15685082047670867,0.7448946264163554,1
40,0.9258467331724982,1.5799552277160536,6.504205904775295,1.058279615525001,0.9730341508032392,1.0965105535170308,-0.057560258837491864,0.9223563928166926,0
41,0.8301289521462857,0.979229491995549,2.850216204620449,1.0813297082606927,1.1306577827796314,0.9706042574568059,-0.04422913766098155,1.0197261841705283,0
42,0.9857420982773384,0.9543138563176871,1.2217731413760031,1.0813988040499303,0.9759863474439742,1.0785693915425396,-0.05892061141074913,0.8018019669934652,0
43,1.0285210342001936,1.0400637264553496,-0.6889732565667165,1.0768791029614984,1.0309989901829366,1.0980400111183033,-0.0897046696128648,0.7957064532847458,0
44,1.1691504011175817,1.0103038466719325,1.9505291780783263,1.0175655962364965,0.9638287207589203,1.0780090895898566,-0.06658247810086178,1.0379695535063649,0
45,1.0335018474295414,0.8499161009722023,0.8172921503235969,1.0931695380666666,0.927742443953884,1.0,-0.19969612608362194,1.134490104696433,0
46,0.8827075793828383,1.0236668523667107,1.0029127329530312,1.1022767428392437,0.9323668165090493,0.9673082225884154,-0.02073661748480879,1.1348219118299179,0
47,0.9695914713415508,1.0000982009600763,0.8472820513855761,1.3355508275442267,0.9076400189323844,0.9517537601479413,0.0955835252608383,0.8547819388196686,0
48,0.9113794615656948,1.177776942011619,0.9643048587870339,1.2091158145217566,0.9181661674928155,0.9508864950372407,-0.00958430869601974,0.9725858810432847,0
49,0.8686364357393941,0.9328231739109488,1.2476499113011688,1.0957153486265847,0.9020705189463792,1.004675322708793,0.05493853600986507,1.0234016050015775,0
50,0.7571674094198958,0.7356251485166985,1.0742279200935976,1.151383875722755,0.9779801060819148,0.6201715978362918,-0.10360221111770178,0.9452832773219609,0
51,1.174462535521896,0.9055709735214642,0.7829932110445913,1.0507319525413041,1.047253609693015,0.9887660397677188,-0.03486394394463624,1.2037485384553877,0
52,0.9446906036483655,0.9999784750821755,1.1092059030798043,1.1007168545717947,0.996217788617331,0.7944722710173993,-0.084633524583433,0.8681409737782726,0
53,1.0757589889714283,0.9271678221437512,1.762716997211768,1.268848653763193,0.9591162632212594,0.9264318824076208,-0.05496457487548574,1.0497688783958994,0
54,0.966107283749373,0.9380276548671946,1.4579116448305915,0.995246576208808,1.0213907646355285,1.0200699130286437,-0.054914634493724156,1.0786782970639905,0
55,1.6516739449050672,0.9854594415504617,1.1052542656505246,1.1178741214629628,0.9709789705095052,0.8470719792363901,0.04662829473391558,0.9406574727715492,0
56,0.8822445260973897,0.9760316424042039,1.0554591196231167,1.0991859165958422,0.8770129729203635,1.1049443071390048,-0.053458356386023635,1.0440738830846603,0
57,0.9682325612863941,0.9998751479663253,1.0940056441028774,1.2060655514755882,1.008316242880956,0.7868205743379241,0.019657589596136137,1.1083090867654728,0
58,1.14158992928032,0.9509172787190175,0.8698626699171289,0.9932630235657118,1.365014939601717,1.27080942658518,0.0009705678691152364,0.9719808901014142,0
59,1.2013770812261568,0.9431092647109683,0.9600165884525882,0.8056313238094583,1.0810879325963223,0.7077549828762297,-0.01248879403104245,0.8904309404677959,0
60,0.8714509739270012,0.9835506830371994,0.9081492660624969,1.1665834075643402,1.044253815082534,0.9736479668213424,0.017260043690295872,0.7878601413454375,0
61,1.092946514278144,1.0092463771156568,1.0844625903985239,0.7680316151845609,0.9374640582677531,1.1919789626857813,-0.03784272941869723,0.8604189219739476,0
62,0.9943991262864686,1.4278819332934511,-0.04607981764670187,1.1995758155096188,1.2810971284601482,1.1290398777033157,-0.02112210279283469,0.8840140432502653,0
63,0.787224379700952,1.0240928870461166,0.7291488334812002,1.0831462346077405,1.4634416761227376,0.8556777387787238,-0.008336262526177274,1.1021574096194966,0
64,0.887601487913325,0.9902279060362014,0.7532076515738341,1.0831438647770435,0.9823164629240784,1.0331371697085563,0.010802671502019013,1.0027890004102178,0
65,1.3127912017736036,0.9734548344183396,0.5167551822027127,1.0513249846516424,1.061363939725119,1.0366944360385795,-0.08448257107540172,1.106377668505068,0
66,0.7399425813602812,1.0,2.08883637164712,1.184958427541255,0.862448809973395,0.7897005511443209,-0.1295844312617857,0.8239161667555415,0
67,0.8546101868354171,0.5298631998184149,1.2614786406035736,0.8812361559306024,0.9684156230507174,1.6117905821357763,-0.0066916945193930665,0.8924980118974153,0
68,1.155407278745852,0.958148836196441,1.8705791600033856,0.9295439833761692,0.8826071653252867,1.0767493471544152,-0.06732558158232846,1.0063078564015162,0
69,1.3519119545087448,-0.4128652893172495,-17.15012034948981,0.7730062438558152,1.023958904230681,3.2594630036729515,0.25823685024220977,0.9220869205009694,0
70,1.2492492723626603,1.0133513945732429,3.5743253459367055,1.0079225810403172,1.0511309282124568,1.0816995817912967,-0.03666375589031339,0.8553969755617503,0
71,1.0352599762763812,0.9271677176002565,1.6521516126384905,1.001969618760725,0.9637132496002567,1.411592480494796,-0.011600248936414453,0.9665310069162455,0
72,1.0145824597156672,1.0,1.2111782223849064,1.0142071914341182,0.9866131033757242,0.993138126464939,-0.23515223750885847,1.1155394157190315,0
73,1.088398425485468,1.0,0.30523176222028225,2.7149902530865226,0.9954744474696162,1.1335600679565832,0.08992572525405558,0.9748361865209748,0
74,1.0992588289899623,1.0064095836484275,0.911687767038704,0.9319009300099965,1.085318488654984,1.6362854785687135,-0.03246272391132886,1.181036370520819,0
75,0.9234252613502585,1.0095632478532204,1.0013399180558862,1.1908598140912956,1.0046070300728958,1.0534787047984782,-0.0743716569619145,1.2138980820633714,0
76,0.9060935361939774,0.9802547803002487,-1.270196634651681,1.0944342951709218,0.9111962278314328,1.1092509148117171,0.03436447206571121,1.2308156613423729,0
77,1.1798710188604207,1.0313629854652024,1.0531171185793573,0.9831866127936496,1.0718222352798636,0.9564952942570276,0.0030705298864841177,1.1702729913894026,0
78,0.7613082899275497,0.8811407836592917,1.5075614568075124,1.1663553588137912,1.0347877534069647,0.898974474288724,-0.1593086858886502,1.1216799175233834,0
79,1.1486458952798457,1.133017788396127,0.6848802222992018,1.6565538412610281,1.3598012013953304,0.6916576513283884,0.006505805885964138,1.2073650561790126,0
80,0.9647629754844912,0.9740697461786334,-3.0509144601949667,1.1628301813047959,0.6237071618038,1.0224434495238224,-0.02987462810284343,1.0316698906033699,0
81,1.1862650051535637,1.0040561717820213,1.601079991772717,1.1261686255768455,0.9889631984766205,1.4410294145058036,0.06501696311470968,1.0396122862084873,0
82,0.8496134821881411,1.3263637255181495,1.0058348898240301,0.9915595237394178,1.0322265410442648,1.1174825743745358,-0.023779837733326106,1.1351262168115324,0
83,1.0835800500966906,1.0004980816409288,1.4164579145011549,1.200319393257393,0.8650163352080648,1.0326914249965704,-0.13045621052416764,0.8444388704828218,0
84,0.7514765546814711,1.101877436128526,1.0177468026552443,1.297447375712499,1.0075284067752401,0.9375257420842846,0.004195902910116655,0.9202575682483272,0
85,0.8662451741445795,0.7186217223236565,1.7335311009488568,1.0733650390540799,1.0319652968084252,1.0423699532133637,0.21046186514508294,0.8656376364349578,0
86,1.173877400909284,1.0657680541264403,1.0602807484842107,0.7827879019040751,1.0510196253765105,0.9369280753551342,-0.04028841903639311,0.9635071648031593,0
87,1.2227072279119482,1.394185104069193,0.7297167634203104,1.0823929221528121,1.2040467228403176,2.024601777502161,0.0642108132428234,0.9189909065519496,0
88,1.171873744912197,0.9964985100982576,1.0247071442541054,0.8983446708366984,1.0322785679026312,1.0581014447825683,-0.04403246900315024,1.1894730180460162,0
89,0.27095515223395955,0.6848699117805301,1.0886701003613888,1.5814013277330274,0.9161451152414064,0.8904984344071922,-0.06812871907373672,0.9118712156252194,0
90,1.1875683574698623,1.0,0.9281754125356555,1.0794806047794276,0.944746255816194,1.1893112096263303,0.057375231120404865,1.5309170447465563,0
91,0.3306878169521224,0.7177313215892825,12.88537879188747,1.0659935135275806,1.0922172900289966,0.6403234508458666,0.11374253518002571,0.9936755386770232,0
92,1.3148329843000106,0.9314113345457086,0.8435285795229427,1.1686083911085698,0.8408264955281752,0.9483539620861318,0.061278895011808485,1.0191557744303075,0
93,0.7748951213070326,0.9184419408232417,4.830353287503214,1.024228898414258,0.9836036926330615,1.2140382548019668,-0.09822541456774098,1.1725956487757339,0
94,0.5314745085312906,1.0029740419969653,-3.752402246579276,0.9654501436976862,0.8689866786694944,1.0,0.008934360926382882,2.5429515416300745,0
95,0.9009504004742237,0.998606414403824,5.746791133428769,1.1520166606808413,1.0163125595608955,1.1058844368851255,-0.029716268280157134,0.9150052652354953,0
96,0.7380284211620505,1.077932464983159,0.5172809941135929,1.0964015921096377,0.7876848216388875,1.136617248203379,-0.1543270244066939,0.9969351397389442,0
97,1.224171291470527,0.9221245836040005,0.9810558563177184,1.2554672357421148,1.0192142943630451,0.8887397434298682,0.09291995601954389,0.606388511537617,0
98,0.9287113437318242,1.0713190811961415,1.0750507375254699,1.039021992558233,1.3722283025523132,1.0290694777241622,-0.07716360647804998,0.6085039876326547,0
99,0.9561239017567891,0.9847221052463242,1.3351551299105082,1.1030348497604803,1.075019462046241,1.0947036787001911,-0.07252647537264707,0.989183890544949,0
100,1.0128621309760657,1.0855065488236921,0.5606471741439731,1.0656779051694278,1.01973818096591,0.9407293266297816,-0.07613478507182381,1.1293543984986274,0
101,1.1827539651555208,0.7396171121836859,0.0980077616059889,1.2425433949662283,0.5099249012026795,1.0244562342889671,0.09530717687841221,1.0083969020401096,0
102,1.1453317569568653,0.7583001243729982,1.0486823969874666,0.8791426450379871,1.0807979894166548,1.1452617705349002,-0.055798225604651676,1.5141666445725668,0
103,0.9099211669580132,0.8420438736761371,1.4141343800771342,0.8026157356525527,0.9244660280195216,1.4839043695741134,-0.021519581154700877,0.8599734031575155,0
104,0.8278072043624205,1.1160028995357016,3.8831846747142023,0.9892309890988835,0.9371197178580721,1.3153564122547763,-0.04102035033157755,1.0181411628739585,0
105,0.9938611707811925,0.9811681590103459,2.0211139295777305,1.0537352692504411,0.9486497348711517,1.0002305701551668,0.05302130583473285,0.9518440034255048,0
106,0.9217825981971188,0.6333911947957782,1.1372546999485873,1.08730619891933,1.0439150342460128,0.8909275061073721,-0.06915812130714194,0.9235940642994827,0
107,3.5838966697533414,0.8159241725268414,0.7717450940387076,1.1024466429699278,1.1315449907537836,0.982213203342237,-0.013571115224281153,1.1599105053052385,0
108,1.1463022926790456,1.026727413009725,-0.10061050876973089,1.1163171302692347,1.0689676665167143,0.9934507828598643,-0.061196389200881905,1.1522321949641432,0
109,1.8222173243129112,1.21749580094999,0.926375613361539,0.7073769875903844,1.076262010326316,0.4244820802914665,0.23433901709317173,0.9809303360924299,0
110,1.2950057400544426,0.8346838753014053,0.9437129446674981,1.3053182511895143,0.9548247155274918,0.963560933623816,0.0980452741820074,0.9660464617334058,0
111,1.061763011422107,0.9784128641706028,1.3077008404506687,1.1117500267915918,0.9351035377836047,0.981952423560334,-0.016392317197821485,1.0710895909003637,0
112,1.685095043852237,1.0029563615802957,1.171052490509746,0.9723765601700907,0.9848360958976465,1.1725691774436244,-0.0201297452120383,0.9980820479436927,0
113,0.7867915570680104,-1.2388079267531173,1.2231891441976452,1.5539536232672169,0.6792080242286418,1.3014761332064706,-0.19985932537610496,1.2704947291846687,0
114,1.032528059467698,0.9669161527573689,0.9709529102336153,0.9845643105193036,0.9561395445217618,0.9427950237850738,-0.03213454418273695,0.9838909664008749,0
115,1.0799838404141153,0.9354227361687134,1.0953259690840074,1.1776837513631406,0.7932170362580185,0.8627234678584105,0.018096287575749142,1.0220528447928372,0
116,1.1044666961525396,0.8782614754114108,1.1572857407210901,0.9720704529633797,1.0638019342481708,0.9495347375054976,-0.011195117411778751,0.8421228165447244,0
117,1.3945794778722052,0.6041040950719272,1.186465119983278,1.0254429314400397,0.9981834548195931,1.1877310078629517,0.014948058923694054,1.082802984920021,0
118,1.1818939090383902,0.8934426102732738,0.9469081246797467,1.094143964021543,0.7735229095663382,1.1596673509861362,-0.08278700578965294,1.0105487599099374,0
119,0.5046421445993119,0.9306443938546939,-4.1383966858645564,1.6072200540378265,0.6424284366923483,0.9025800339829573,-0.0283365177333014,0.8820608237528512,0
120,0.6348343488115847,0.9435195740267476,0.5053562253172439,1.1245208777940021,1.070910379719887,0.9726913681808371,-0.12763650280659974,0.7589627953134854,0
121,1.4069944126574967,1.0030297358469649,1.7853187836144848,1.1140794438962318,0.6498328957508759,1.1041231285855817,-0.31956148294338327,1.340737285218626,0
122,1.4117350836139324,0.7001243090012546,1.9398707368222474,1.106961107586774,1.0198652917499083,1.0715982098929084,-0.14561701071443345,0.9319370738895855,0
123,0.9586639345983083,0.9169849793132147,0.9996517608530961,1.1215238775845935,1.0961738665387177,0.9275385047021455,-0.14524710601200014,0.9353513880577075,0
124,0.5169422451319775,1.0069204123735356,0.6718100082577179,1.122570013539514,0.9487753429786249,1.2436288896320562,-0.07734910808074459,0.8645202393789264,0
125,1.3024673481584363,0.7860761768803575,0.33157387966408636,1.1779859002919826,1.018031047912896,0.9038820435045307,-0.017032877265257353,1.0104806277692084,0
126,1.2050660898245595,0.7982957105544993,1.1279467440898883,1.0273839303705088,1.0139272995711772,0.9543064280308615,0.09922694325437137,0.9143785776412976,0
127,1.1382683185879003,1.0797109562231462,0.8006483639813373,1.0668081567594725,1.055813231866605,1.078739887154579,0.06001216496848986,1.0029496240299325,0
128,1.1810465669373529,1.1449451686151801,0.7123581945387603,1.0685389490158814,1.0505683856835697,1.0406751617793104,-0.03575973005133194,1.0814808425796565,0
129,1.0191744570205383,0.9161703633737632,1.0154472509773904,1.10225299405395,0.964855206978572,1.1050123099365523,0.02887331372112376,0.9579722040526147,0
130,0.8283979503053591,1.0479353848366366,0.8476239354956201,0.9071610033690563,0.9792055115108753,1.0957504125752326,-0.062141019310237286,0.8557912791443714,0
131,1.0744121582147903,0.8297051146427623,0.2315286641146858,1.00438118953724,0.9778002061721927,1.101313018982202,-0.025953721075672294,0.8519978922889769,0
132,1.5592359716788193,0.6893885936228538,1.1781131847118917,0.9203850078530598,1.0447186046997317,1.317414237879528,-0.10298252542328541,0.9370350978950177,0
133,0.7849328554048436,0.891598505462826,1.7508911751490175,0.8761933316420275,1.0930557693105012,1.298671449847798,-0.1830773854334352,0.7461155813423376,0
134,0.8575406757556007,0.9996989617034494,0.6336547924190127,1.05790744123967,1.0597896491940864,1.0139063265895345,-0.049264993675623814,1.1331077305395207,0
135,0.9468264772852534,0.9769210948613246,1.1497442534804447,1.034783787497818,0.9389691338493206,0.7363217698410416,-0.08169575101034499,1.0516420075733306,0
136,0.9747284729543576,0.9739726788202743,1.4066541731094127,0.9469083111688419,0.9497892558665629,0.0,-0.018634063279502802,0.97253021634437,0
137,1.243013288051266,0.9547925982857832,1.5842742285954476,0.8903097304942453,0.9756769595501971,1.0057186398306643,-0.13403710040394431,0.9749900347935385,0
138,1.070463002324726,1.0084203562434904,2.4835795227555373,1.0412608774175005,0.9707862060979329,0.9966036640136373,-0.015394454131796038,0.9264802792224822,0
139,0.696993550836294,0.12932969274776573,0.7183126338499787,1.3251053896805214,1.1217373067387095,0.9777148529682587,0.2661826403132575,1.0001597269594065,0
140,0.9484322416241131,0.9581189616565371,0.9741611703014176,1.116251142313837,0.9237472668960461,0.9987277800382534,-0.0506391060671382,1.069679990771508,0
141,1.0508984178702,1.0304145471478434,12.184885389302975,1.0574087381719934,0.9525106194562191,0.9712633424767042,-0.10757262317531541,1.0129717330988475,0
142,0.9773245355636628,1.0751973744937842,1.4875196500191563,0.9885730121881543,1.0412949437118884,1.2073491700588588,-0.07541994186033277,0.9935480685664273,0
143,1.0019884059324977,1.1559962459032729,1.0481459170918865,0.923311670969465,1.1686625278230887,1.1798603246507156,-0.03505448103879864,0.9564148440795553,0
144,0.9395176462963447,0.9684365531454737,0.9459606795911661,1.2430084888337707,1.0213302469652368,0.9191538633337475,-0.008400193920614725,0.9665349551470652,0
145,1.0748765165241203,1.0685994431529617,-0.882776011347236,1.1498584264151785,1.4736082766473184,0.7519425271126393,0.022935247825486674,0.9578209891577228,0
146,0.6261916229284176,1.0267198298045712,0.9782692066270314,1.2593314525091903,1.1217454868575338,1.1421546443770447,-0.09814220867340827,1.1315513307918228,0
147,1.7009387300453678,0.9854405156792753,0.9722092353705772,1.5279062239209782,0.7962933621100396,1.0363207441928528,0.006118552259515612,1.0268665328095585,0
148,0.9392292625591273,1.0171191723799702,0.7643131042916156,0.9657332704163647,1.0585272211043246,1.1172806271999385,-0.07962330232213241,1.1818569047119032,0
149,1.0010157798861479,0.9269837763276276,-0.08040216095072622,1.0498552791643945,0.97043954846649,0.9673488757382456,-0.030256572124272896,0.8212215103738806,0
150,1.1250106366589765,1.0003247880610295,7.679811645879119,1.133731226412088,1.0202983195931485,1.2747075264340202,0.02962903315721339,1.0677472838203044,0
151,0.5729222591361671,0.6914492948468244,-0.525065432987923,0.7036972511759731,1.0656852608318939,1.0879049482384,-0.06960949123722296,1.0363520243969353,0
152,1.292681073953453,0.9551874058404349,2.215998426905116,1.0119977365073982,1.0967195429362562,0.8058710185802255,0.23114143878496268,0.9383446371697253,0
153,1.121103704654701,1.0056862390089294,1.37228914146291,1.120023149461548,0.9915255718450775,1.0297294605726133,-0.010746728994482075,0.8387813615472016,0
154,0.9384025707517535,1.0023805655552134,0.11866405005812165,1.2502965842209508,1.0238933292548498,1.0197560864764057,-0.02303028396624804,1.00452916132692,0
155,1.1029643876907866,0.983842551747371,3.20604542093224,1.14537748843342,0.9963496081977092,0.954141339890477,0.028908646847215374,0.9276915442317629,0
156,1.038915043766611,1.1949167392217621,1.6147746445307107,1.23989448282773,1.0768144354669411,1.0964346528389552,0.06802175888529886,0.9877182717359123,0
157,2.448099877666678,-1.0661740386637693,0.20994707373126936,0.889247880626835,1.6718135590062155,0.6683762451584107,-0.10948139284028856,1.167517178702947,0
158,1.025815319267065,1.0364652588541983,0.672899088948154,0.9829358114847614,0.9289811764523773,1.1079399942518122,-0.04955644283121597,1.0547053974619638,0
159,0.8676509674784428,0.999356959222679,1.0596474620898995,0.9910056791935002,1.0879384792373676,1.0347785159767258,-0.03757083668758509,1.1905397170827856,0
160,1.0209539149736067,5.2874560485746604,-1.1071588279438842,1.1415320591538356,0.6646190731755797,1.4430524549745434,-0.12803822148027258,0.9854290083209455,0
161,1.0373005085909988,0.9352191178042039,6.7562890491174645,0.8826752707658587,1.3067992762493565,0.7472634765049193,0.04449198697359527,0.6137944944875856,0
162,1.0575954089709072,1.0467854535051722,0.8943424088730876,1.160415308113214,0.9331840967330646,0.8061785779996486,-0.08702658657676243,0.7965684605084599,0
163,1.0054604663319668,0.8912724467134219,1.0918980954223014,1.1349227923032463,0.9768655240421703,1.0551709820598447,-0.035187654791388835,1.2549566737683042,0
164,0.7916875413922767,0.9903051547241146,0.8621297056658194,1.1840184497879762,0.8905594334992524,0.9459401361688098,-0.07405390454707655,0.9882815060974726,0
165,0.542377709079085,0.8771986303905022,1.064936361753108,1.6538921226232053,0.8144177951894913,1.1279738313945233,0.0026548553154453897,0.9934031649546526,0
166,1.1262045824061435,1.008279383846614,0.7966663567914078,0.8699056997276498,1.093706124483982,1.0648294453822746,-0.015392250293609399,1.0552734821014136,0
167,1.1685808466827232,1.0000332714934512,0.8692728690540135,1.0058679847259808,0.924143131713382,1.074250003822291,-0.06693000757185291,1.1480938101890281,0
168,1.1301928210684549,0.981518423464751,-0.8097999408317312,1.1532461031084364,1.040562874231024,0.9204061025340684,-0.06029706077552722,1.0778117653163424,0
169,0.9807897366276238,0.8830870964845687,0.92631685832588,1.2204796670505094,0.8609749658172126,1.0427207862074255,0.013461605160932298,1.07612893646504,0
170,0.9241196439912014,0.6913688821135467,0.9775433935559966,1.0928616666579432,1.3662152269399708,0.6038574506422079,0.010434001720684002,0.982135290754394,0
171,1.0482425328268428,1.0136780887737613,1.1926966666169712,1.1627591879505244,0.8446522931049006,1.015535230700638,0.019996821847528143,1.000338904993857,0
172,1.8322495148982896,-1.7939877746878339,-1.0047171153079235,0.4871715252844508,1.168563316576842,0.9799820598298576,0.25904626976205036,1.1052851902188734,0
173,0.8330311891582104,1.0573295291572575,1.1203477694143327,1.380262976893061,0.8160491799218006,1.2406753753840747,0.01982987520705947,0.5506529230396316,0
174,0.745796658912355,1.1133677203511163,3.5222648875867186,1.443107533982914,0.6779414914956522,0.999737790465697,0.04386617100371747,1.1402501189665282,0
175,1.1022244462725057,0.8035342108494835,1.0756357773405614,1.1946593153390388,0.6818879915141395,1.0627199713859101,0.00045178376694189105,1.0680571886370043,0
176,1.0080285540297804,0.8846494979571506,1.258924764533323,1.054234420772131,1.0909714222988014,0.9373961565340037,-0.04444542641580105,0.9889219254795562,0
177,0.8133435027978216,1.03172634022213,0.6773350092647047,1.4557176887786913,0.9778429767859184,1.4587859381605819,-0.0532903946715883,1.1099077171807021,0
178,1.2668387778534798,0.9917457808542824,0.2693302282336501,1.2580046142591865,0.899355300859599,1.094207607047678,0.15599262138660613,1.0965445293579539,0
179,0.9770875821462011,0.9439485744811367,1.1703878221990738,1.15740579010785,0.9978568718235157,1.2593717307186991,-0.1640533855293349,0.9111198317780762,0
180,0.92832222474248,1.0194941847765324,1.1254379376675034,1.1635481071699751,0.9880760701559254,1.0544930089395665,0.00568913011697411,0.9763897293124703,0
181,1.0175713158384223,0.9787843207731928,0.7536113682818599,1.1594243170182885,1.1956514284696518,1.0149310577453354,0.044616715799217235,0.9629216539450574,0
182,1.157649981483391,0.9981854602610213,0.9570355550424116,1.1662890801993657,0.8215524302454783,0.9788702269793262,-0.08011886360080082,1.5030001525226147,0
183,1.129272249100065,0.9762204323151361,0.9433491069702379,0.9967689610624433,1.0443482658420649,1.0794661368732632,-0.05391472388662061,1.0204616016943724,0
184,0.5910110261481648,1.0120121203673444,1.1135913552945083,1.1405115801949937,1.3404528247172025,1.175962158806656,0.03409706233698594,0.9111517541872876,0
185,1.0520672254523538,0.9591471521164028,-0.29494180413120025,1.1223071473622224,1.1500663087691234,1.0374313649179912,-0.04774397127681232,1.016017545870765,0
186,0.9785219107258349,0.9976768742309909,2.628205054251671,1.1067870513363942,0.8523771466259873,1.0130209755810329,0.007638910340992834,1.0026221666194906,0
187,1.082132667115523,0.9287930726014,1.1667118864038037,1.112602477410089,1.1623352543626615,0.8730358724705,-0.03670081267042295,1.1012930857822139,0
188,1.1935801234587682,0.9250688208439876,0.9170912691256534,1.113729609676306,1.0174488387406813,1.007372451769451,0.04965869083691497,0.9600682893415656,0
189,1.0987841812583303,0.9157115944881635,0.8464783325356912,1.081961838184064,1.1803272766538306,0.9850014419569133,0.08593036552608815,1.118541333348699,0
190,0.8853520635946749,0.9695970751761016,0.9889163988472743,1.1930323498044793,0.9938031427671251,0.9695847995535123,0.003906910925507206,0.7811069102806879,0
191,1.0195604736294643,0.8651798995944124,1.0233117593837293,1.0054898473723015,0.9255714223671111,0.8092787626883795,-0.04923927001050624,1.0674800282350665,0
192,1.091898212643008,0.8150594932435634,0.4967146046528878,1.1227340627397149,1.0816386867333763,1.161449303900526,-0.02210241482514042,1.091282449953702,0
193,0.6903905879907267,0.9546156505532276,-2.1134576091062898,1.0719693803217216,1.1001556802014452,1.2668272293304073,-0.1319301172299338,1.1376050748599895,0
194,1.034729002153485,0.9783636972011409,2.7015809456102673,1.0721666821825082,0.9762524244066225,0.9786555671444156,-0.06372613148158808,1.1020497623803307,0
195,1.0936332440254826,1.0043021064520856,1.204078801564401,1.240923251203625,0.9998029947301003,1.0290559304026152,-0.018412632757089504,1.0725052057114308,0
196,0.9636596986944345,1.0,0.9678825423417662,0.9939094753902146,1.2787240062218437,1.0644849653583635,0.41570529284660757,0.9269589878823526,0
197,0.8584021023321392,0.9605358172870873,-0.3735435579746065,1.1610699522198957,0.8327702058692241,1.0663347559412832,-0.046884929080517966,1.1445007152996993,0
198,1.2363635526980041,0.43476195088109343,-0.44215480658976114,1.1928281648478483,0.994549392108993,0.9865160973933003,-0.15291119887883808,1.0550220369896721,0
199,1.1389298247189814,1.0229221617990802,1.77929867061908,1.0015407426321454,0.9915407097392355,0.987275744781146,-0.027785736438687963,0.9334678146696779,0
200,1.652996251429045,1.064912124054008,1.189043406485189,0.8944447757865558,1.1111807389122947,0.9687030489409115,0.005426817548411893,1.0859613598437523,0
201,1.151224920255287,1.1152038819847805,0.5632622201968421,1.0188864732577756,1.669253458353835,1.0859129524126108,-0.07625715758907975,0.9903953962691494,0
202,1.0618705094528154,1.017247252852268,1.629022836951145,1.1973230010567102,1.0359546270875049,1.0150756796249973,0.0022825187594510544,1.3338890533032965,0
203,1.262286112269767,1.3221171366993947,0.4491983349280464,1.1901667376213414,0.9550136016070916,1.6326593781241485,-0.006419461906437533,1.120173504237595,0
204,1.324502060303147,0.8508757744770175,1.718597092847724,1.2137046794086506,0.9535211690287633,0.8119871235881893,0.10311868704141984,1.0214010759561551,0
205,0.8664542246109785,0.8680749141670285,1.3897967658720514,0.8272589538522677,1.0443882070904031,1.1081780940336254,-0.1293633180450757,1.1510655158179477,0
206,0.7754236022764973,1.0019625866221624,-2.8070957639392904,1.1894699909779607,1.0687691209138295,1.0844023947668973,0.03484620187616139,0.9807580815652969,0
207,0.3603785161982824,1.0,0.9135309582630142,1.0135447143546485,0.7544996408243239,0.38971492076786945,-0.03530310285973895,0.5025694069140226,0
208,0.9738333082256371,0.9198392240392085,1.2110066541455504,1.0814460740329868,1.101429054448874,0.8966771922161527,-0.05100643006375973,0.49356529752334805,0
209,0.9091078753340615,1.2518783970711613,0.9470577339106995,1.0599186804166025,0.953079434438896,0.7625250343319974,-0.006785700208899926,0.9025378961812272,0
210,0.9259959903123411,0.9386058584684865,-0.28774170336081156,1.16541754753134,1.0019078646656545,1.2040498906181978,-0.011602914220315811,1.0382802016431854,0
211,0.652775977844157,-20.811848769526765,0.9471318630814168,1.7001540349319897,0.4368437976570739,0.9183637689584254,-0.05596752368064953,1.3379304612768423,0
212,1.1821112990667602,1.065199269795371,0.9148164433842035,1.0237337037492007,1.0906639340280715,0.9715426004543525,-0.01778227068139697,1.1578790670857173,0
213,1.476056862159022,0.9426401027706193,0.8000487281895314,1.6315455251035693,1.114817712851838,0.5086848056988292,-0.02659792104390136,1.0959506009496456,0
214,1.014762491650449,1.0280780070312978,-5.266689215925137,0.9596855930708492,0.9858377915603124,1.1018210759060114,-0.029862871002347677,1.282024970271532,0
215,1.1141184309908692,1.0,0.9696342464408327,1.0754910303979304,0.9460918812847188,0.8651879971120222,0.03334255518335065,1.0718814462381923,0
216,0.9819587424583531,0.9775494965059978,0.9523375272059441,1.0105476230957018,0.9759035802476399,1.0014405895278036,-0.05100029067195775,0.9649056318126763,0
217,1.3266540391811128,0.9998302546935518,0.957879186391151,1.034375753890488,0.8448219530913759,1.271562926549552,0.1770209780611116,0.9407871075582277,0
218,1.0720786824432382,0.8800754901728064,0.7337062596897361,1.0404377561330207,0.9518769905843898,1.0571236335705114,-0.07903962842137957,0.8952828764885098,0
219,0.9260521682368742,1.0,1.3231880566155214,1.198682723410889,0.9782133229345044,0.9492936195944994,0.06903563941299791,0.8581794113559547,0
220,0.5583671882910217,-0.07951567051846258,0.9575465261110275,1.7476150016821865,1.0531216343539371,0.47355339747702463,-0.040821216033908606,1.0688153355262093,0
221,1.0805244652670127,1.001378601360076,1.0037186500731374,1.1915114720923237,0.950242021910406,0.9059557079659956,-0.05309096155233356,1.1419558946968278,0
222,0.9812404460643324,0.9911762038861854,0.32331763955631493,1.223915530632634,1.0139801296185904,1.0011119252656435,-0.03230077429668459,1.0143661263615276,0
223,1.0503802923073562,1.0,0.42982877152185817,1.2835972563299178,0.9456955020536808,1.5297916491741534,0.060900014195807504,0.8793998080291163,0
224,1.593235133434216,1.2163324844235683,1.5004343076422515,0.928370165318652,0.65710899657594,1.1570125322554206,-0.11718720388128719,1.2476479443552477,0
225,1.0838844112398975,0.9830024713981061,1.1563023653797793,1.2216961704244709,0.9502829215314457,1.3566605409818926,-0.028905336490581173,4.222390578698435,0
226,0.9430221430444367,0.993977236295765,1.1342913899180158,1.1623990952696643,1.0125728057109733,0.9557545742416851,-0.12738934467472077,0.9712898083903977,0
227,1.6067465648252708,1.3693165449817262,-0.24734832551942182,0.7792943793072108,1.193929466083232,1.2785331427293476,0.026994042903233418,2.124148630559314,0
228,1.4698126677264434,1.2086786194996315,7.464026932106402,0.9086255710901807,0.9842449063950702,0.9116482270555273,0.050521084308890074,1.074930384688244,0
229,0.9454848025956192,0.9779364662164944,0.9553823990369831,1.0353469931080879,0.9534536548532337,0.8796744532249915,-0.04055693219428513,1.3652402292192583,0
230,0.9807972812656683,0.9282154722033457,0.7777689649982658,1.1795737071327623,0.9449671826255543,1.0563911150934577,-0.0974569807730023,1.2637320601002544,0
231,1.2713026582579283,0.8722714880132462,1.0944076030935022,0.8245628707631701,0.9131926758447996,0.9084735940666544,-0.05815701078877705,0.9341401065663435,0
232,1.4456596863570097,0.8987931829840407,1.1028379590949169,0.9044671501189496,1.170615782093179,1.006332661719582,0.04152455200043312,1.056885904393372,0
233,0.8741575284252355,1.07256782228127,0.3580709184334639,1.2430491654595808,1.10167216507607,0.996180044027758,-0.05596363182683011,0.9674517292659097,0
234,0.9360245467431737,0.9956746186828089,1.6817040117848685,1.2164102697590475,0.9986250081322641,0.6730046776105817,-0.011816973662525466,0.972159406009689,0
235,0.4269064467592056,1.787392645127905,1.3992074350770216,0.8271742823797071,1.0429263493946672,1.0,-0.10844450540744437,1.0338544293081764,0
236,1.0970117319894985,1.0680920705295556,0.883762810375668,0.9980064522352387,1.0223572440181878,1.0433705225144891,-0.0030514774205538013,0.9934033319973359,0
237,1.06742079719642,0.8004937746748825,0.8855775092247085,1.3415995695536043,1.0948673767245938,0.7870135470298811,0.17740021354246108,1.051014635524473,0
238,0.8063219277592275,1.0353365790664182,1.2853988715604978,1.1337822168880571,1.0431375341867235,0.7483942827761212,-0.04850560063875688,1.155782540111591,0
239,0.9242112556132079,1.072040832268866,1.0890239090911595,1.1451578436932384,0.915038121410553,0.9488901533248567,-0.038805985530844855,0.821442171669484,0
240,0.8611633681772616,0.9995180049343665,3.0052013954705896,1.154651157963777,0.9513643483967095,0.9724778094073618,0.042138209952523306,0.8245492860417897,0
241,1.1094825112518372,1.0206582647759916,-1.9385350119099278,1.0219205753734821,0.9240499000580404,1.0622836562836726,0.03898962300601645,1.0434360011215966,0
242,0.7675265985570149,1.0027287011564006,1.3008891205813997,1.0366819254974302,0.9854721769733839,1.6054846286796578,-0.22006542091734974,1.0874148123470113,0
243,0.4625391463856579,1.0774403368195962,1.0165885403637724,1.2106642886590548,0.8283455102980176,0.49866290730111534,-0.06956118627319419,0.9567472322730177,0
244,1.1162360435429453,0.9975211666490574,-0.8724744772976278,1.085707328950572,1.0821643273943482,0.9768802625945483,-0.009875832973776307,1.1540887147517804,0
245,0.47195994661975277,-10.431477935108362,0.9244198936983198,1.257678578986724,1.3636387584386844,0.9325749393984775,-0.0007724652572819442,1.3448165661568319,0
246,0.9094309865909695,0.9433028564483749,1.0392677901862502,1.154996154477657,1.026548006620226,1.040647319271288,0.06363314984091713,0.47358006412057924,0
247,1.0467274630774768,0.9999562506383282,1.1593166974829667,1.045804554146755,1.0347463010509648,1.1387640767216691,-0.05710059967192836,1.0155259986801388,0
248,1.1047509698514566,0.9979457900404558,0.9868965078001793,0.9208527731866017,0.9573819171085245,0.9262845649080983,-0.03808499335989376,0.962076628557869,0
249,2.6560738765297605,0.9865298250483677,0.9928236754419522,0.5714867554671881,0.9190549620090085,1.2088638390890576,0.0503893615761744,0.8817003988837159,0
250,3.8322490653034866,-0.9606796933322254,1.4007039584368506,1.1575358288389948,1.4388129063696637,1.460379138472194,0.18341944574917804,1.1207373364457307,0
251,0.502228177462682,0.8673292670266494,0.5613209456916455,1.1048325714893166,0.9959902376197638,1.054170056451187,0.11907909104493052,0.9562893149798304,0
252,1.0839198935624157,1.4577328935108247,1.1867904562525118,1.0976051374687474,0.9940150488818732,0.8989866973413296,0.020157072522530194,1.1525067691940556,0
253,1.324865640497311,1.029046533740788,0.950078932864526,1.14973922897436,1.1587510227157023,0.9890492281450547,0.028927313765292166,1.0268322035077553,0
254,0.990809377870196,-1.0250221998545839,0.8862748640072821,1.128574955037557,0.9719688167609909,1.021436389784952,0.0015483138780804154,1.0202850499400262,0
255,1.0056523763115341,0.9500164583458807,-1.689667617621492,1.0000352273928208,1.073509179970132,1.0086613200590973,0.027069940360932535,1.0426185852660368,0
256,1.127840573380222,1.0060338098526187,1.3392556363373875,1.2061259179644037,1.0433132979331583,0.851882605084869,-0.09640717607124995,1.3944546452689186,0
257,1.1991648164152984,0.9796087601807245,0.6962871513356829,1.1811763498925123,1.1005158009567426,0.7444334062601569,0.054111591402930856,0.8126896458199185,0
258,0.7534067587508979,1.569186877747034,0.6081088285543305,1.1645312622288928,1.6824375219850145,0.8717324117900839,-0.013673988125807376,0.7639127172371678,0
259,1.0436778160383031,1.0093935972112296,0.8522368791926686,1.1828990794632865,0.9602060096947315,0.9758905947322261,0.04018516859970445,0.9714482486595662,0
260,0.9429711497290213,1.0088825866657138,1.2128339983651801,1.0356587292090464,1.0980395021063312,0.9028238389171922,-0.010627269662992801,0.8735995122535837,0
261,0.6263028222226941,0.9954956252501553,1.076422939021244,0.9810354569854498,0.9792438928191457,1.0710095030928646,-0.0841605569914025,0.9914244701301907,0
262,0.4444539194226896,0.9134824260936826,0.4783687024737563,1.1517987270546997,0.9780931545656307,1.066548813731988,-0.14083989812237163,0.9665389630168963,0
263,1.6862946258321188,0.9928960440070239,0.8177953615790121,1.190851958376264,1.2769567507598305,0.7913949667587417,0.06926011009492436,0.667128921398726,0
264,1.1391961721779977,0.9980658899390269,1.588488811867229,1.1917594599307477,1.173602537399562,0.905888918248154,-0.31077807180093586,1.0679441620667163,0
265,1.1764561946451757,1.0248841903853916,1.114061525410189,1.0462936389846746,1.0340780753685084,0.8967443132325459,-0.021274118315878877,1.106395609528335,0
266,0.8094233042610885,1.022927839630581,1.1631657711729806,1.2277143184397679,0.944320101571091,0.9248905367957214,-0.11769819365714192,1.1584852858723922,0
267,1.1738343747804874,0.9243867441999607,1.0446318124696548,1.0237002218463769,0.8887923638523911,0.8248846917717463,-0.02120130879587818,1.0343921712117503,0
268,1.1319731550818124,1.0253945709565249,1.1886804266011557,1.037419545293931,1.0589649359372797,1.1265580776717763,-0.023079879572096604,1.2387123350865032,0
269,0.5898343192758102,1.0603837304060357,0.9140067796919307,1.3786949313830519,0.9266365959912591,1.0781988754423104,0.022618978974571338,1.0684119599950066,0
270,1.1145349609529724,1.0436824953983959,-1.102176688542239,0.9949314316110868,1.191506180254398,1.0902630336874126,-0.07255084717552679,1.1465547983415056,0
271,1.7619784777274732,0.7335541405169519,1.0900675821175163,0.8559112427580701,0.8110668782216558,0.8481677163320107,-0.09491173838770031,1.1216633756933798,0
272,0.9823994070914306,0.43772189813335916,1.2722034894120215,1.079164681968883,1.083421887938173,1.0638795774229106,-0.006794955792260776,0.9092106574189611,0
273,0.9505218429869312,0.8685905541804986,-0.13977349607608722,1.169355623255933,0.9077412425301802,0.7769611783749948,0.0536157426658976,0.9588737921632932,0
274,1.2700932860673344,1.3182602436239954,0.9704124907431102,0.9321626458410972,1.062368016412898,1.0896272251762646,-0.17235492174574904,1.1994446755286354,0
275,1.04156702480906,1.3503602476412493,0.5343067546450816,1.1995971356556037,0.9630337143693833,1.0,-0.025764835974935497,0.9994740681498205,0
276,1.0146275223251113,0.9583130244397231,1.1512761566775565,1.0917782396442555,1.053069605028963,0.9786268631976676,-0.0877408995802846,1.001358779556469,0
277,0.5478749635338812,1.0968848740787496,1.6122248102750354,0.8476628549596954,0.8889866276897265,1.060126831945502,0.06610222377594091,1.0259643542445105,0
278,0.9268496103367935,1.010609122363956,-0.018628276583068128,1.1011491200896875,0.983650160904338,0.9718066600621222,-0.052233859207211984,1.1986275620035596,0
279,1.0277583106769759,0.9660229675281791,0.8259911735414538,1.1290777996268846,0.8791334881596008,1.0281122468565913,0.0429434546862897,1.0034243068220485,0
280,1.5155706014358485,2.008318757563693,1.2074149815742423,0.47182945628541484,1.064628211908662,1.532088037690481,-0.04034610104302646,1.0947620672428306,0
281,0.8305643592556234,0.9747005350705205,1.1277403139378002,1.1275065201051289,1.0357490271766643,0.883502113910696,0.007960686512512019,1.086229889276731,0
282,1.0751494818157465,1.0371457695829818,0.8288933022328195,1.0730708813649434,0.965693744021333,0.8392945671181605,0.02241982585558363,0.7426985416176882,0
283,0.9456955998024682,1.0,0.9368062011030104,1.089214282551257,1.0,0.33530352764829924,-0.03814895825233857,1.046154796964721,0
284,0.9880937913837069,1.0578955707361843,1.0006213071991825,1.1242240776916916,1.088980577387914,0.8762998957548137,-0.09056758198304242,0.9108848020200148,0
285,0.8839483682650182,1.1480174746919662,0.9600896166136171,1.246242444976622,1.0080679087379452,0.08708829291771392,-0.03382221254144583,1.0281770680850315,0
286,0.9618221232437117,0.9481229137766374,0.9300335611819731,0.9740673542713119,1.0484734466783519,1.2297267750101675,-0.14258023873750184,0.9626851039293104,0
287,1.0660590636639853,1.0950458595167833,4.184099981890376,1.0926998666297592,0.9666981272732326,0.8942555313364406,0.028353001072033177,0.9324722719075931,0
288,0.9986328230304705,0.8697760966907845,0.8556404572966622,0.9846907980173029,0.8166650537878625,1.296534990772378,0.043118429323243404,1.018254912628364,0
289,0.9187405576699814,1.2460160563679996,0.8300878831972358,1.2546636951087213,0.6476575536679924,0.6693146503159023,-0.06776654122994134,1.141595673276712,0
290,1.279124497356098,1.0237661094765822,0.9259860969294679,1.171656364577132,0.9298204454611501,1.1127488025891146,-0.020305711434508256,1.032871364951369,0
291,1.2801604822985062,0.9617016590468043,1.106019092270959,1.022019310585871,1.2519705703605237,1.252205914681313,-0.11411877174262286,0.8341306474209971,0
292,0.941364342247894,1.0,0.7815275964745846,1.1530188513424442,0.9561506366318016,1.5801388003675354,-0.12327868303197488,0.8808851083556344,0
293,1.1125309488429727,0.9734281349694682,1.2738997224344808,1.0474650214388754,1.0836521148608638,1.0505434891213312,-0.01980395240341773,1.5825951610652633,0
294,0.254593845596434,0.9583465089393789,0.9101014932801839,3.3340137046216647,0.9532927239296162,0.6940273624331038,0.028805947992181506,1.1458990058045313,0
295,0.9386136235519271,0.9996238007686782,1.6943142443147428,1.0388495253318577,0.9965259361292456,0.9711826702227975,-0.08845405027016384,0.9559252821036347,0
296,1.2615174299082506,2.1374266680497267,0.8433746066498375,0.9586800342872839,1.060179750833016,1.131221400811321,-0.003735213889019324,1.0311830330012246,0
297,0.9868521248390795,1.0359770736537919,0.9327798000554819,1.1743819935390234,1.1269417781434883,1.0780200657354464,-0.0529672381936304,0.6678186137902503,0
298,0.634235450114485,1.0,1.504411529885291,1.0815862005728185,1.0003431896168875,1.1405788192000514,-0.09946667146602356,0.7953688546043255,0
299,1.1746253040341235,1.1518671716263467,-0.11163250449180867,1.1884761779761124,1.2032899342524415,0.9377193614341404,-0.05552075805026901,1.1136368353639474,0
300,1.0490644629878647,1.0717914732988716,0.9924032569390262,1.3284349841261336,1.1165445468931279,0.8492011494190423,-0.0528306019748788,1.084942283321115,0
301,0.7817638443935341,0.9847178698732192,3.337009140591797,0.9937622947529006,0.8228827907067338,1.0081238028114883,-0.13085425385183896,1.0826624304493926,0
302,1.1068933593449652,0.9941893881971614,1.162753207475238,0.9467419327014308,1.048237374820044,1.1944051090959706,-0.10387209240900848,1.0666786068668779,0
303,0.9478882761363006,1.0,1.1065487821340516,1.2632857693790975,1.0863081526185294,1.33399538897096,-0.019669437743336977,0.9089544478944,0
304,1.094942009518526,0.9560341528644295,1.0897934486989989,1.4233519301129627,0.8524574362897102,1.319493652790937,0.0238774011229101,1.0623390778436637,0
305,1.313330810686252,1.0,1.0705824526899512,0.8938281083781209,1.2899302196192444,1.0473070523574817,0.003777414444381808,1.4418883438895742,0
306,0.9616624163409233,1.0,0.9603945197473257,1.0286002153678846,1.0335636645133726,1.0476099642541767,-0.13804173123355795,1.7160170530518006,0
307,0.5791041157140696,-0.17273264510590766,1.0069935951611593,1.2612976918835175,1.0782167382951846,0.8123905136260734,-0.20551943889977475,1.0933659010141303,0
308,0.9871927562205288,0.9966541994234871,1.297961731414288,0.9137502144450163,0.9314556930408755,1.2085787056519708,-0.028655820960325235,0.7652660964855417,0
309,0.9757257398012543,0.9794393876918379,0.9081709179603091,1.1103677180092306,1.0469305949446226,1.014407242153649,-0.021538197986342024,0.9110852252661212,0
310,1.3026574996392675,0.8358172983189591,0.9332725940183224,0.7684641075936204,1.13165808780806,1.387282525986242,0.08649547974060297,0.7769335811890332,0
311,1.063102131496521,1.0500937318766108,2.1857777618453853,1.1076332496677985,0.8951080024971115,0.9312757964750109,-0.04449311399485947,1.1276146113145937,0
312,1.330322801388196,1.1925207107374955,1.1957614742743499,1.2014828604442163,1.0336048483252636,0.8437410897734019,-0.02887343489792142,1.3392345983777914,0
313,0.9842251809939606,1.0,2.357869017330032,1.0608740658165645,0.974714104225053,0.9826479758672034,-0.002760708630645336,1.1435299556122849,0
314,0.9276848595182241,0.9879194770379979,0.5706057049200265,1.1756583864307157,1.0037131607237189,0.9195828893378121,0.026476600856287988,1.0036190140513053,0
315,1.1483968696529725,1.0967343891418857,1.1888461845893492,1.080556542815692,0.9620432039918987,0.9609928975561639,-0.12701636300336544,0.5335012217759973,0
316,1.3382916590798701,0.965403627686667,1.7145460624469608,0.9073886466301566,1.1194547015394472,1.0,0.06510340979108781,1.3526883665870648,0
317,4.36668906762824,0.8573436903943177,1.1789841745052736,1.5311875051648625,0.6888926425667157,1.0485390975399496,-0.06468160004667693,1.044648830772294,0
318,0.6342441965141462,1.0,1.0774784689775323,1.345039176814878,0.9847795062148689,1.4253944138014554,0.046811760957549964,0.9994747256977345,0
319,0.9117739847567172,0.9803031345314772,0.8500365221035945,1.23318391623762,1.0035791247031836,0.9786534065394351,-0.01852708550962541,0.8139018293782844,0
320,1.2761334210723387,0.6199778846997717,0.6335549966431848,0.9018320454179338,1.3026589741763381,0.8235807824597168,-0.027580589928457057,1.0101266476916566,0
321,0.7019786509565088,1.0157759816614582,1.324543033869978,1.4064035094399976,0.7734408055683747,1.0277612574869301,-0.022219094345692914,0.9228107928098513,0
322,0.8315739834997136,0.9743480323741287,0.8376203495314394,1.004743543661297,0.9566445922457012,1.068642809265012,-0.12123481573787201,0.6541848717319099,0
323,0.845278877765867,0.8962218790783377,-0.10338053112156054,1.1214374300860852,0.9476795321085584,0.845193231358834,-0.055868761006512314,0.9335256982880263,0
324,1.0204552823124855,0.9017272472167635,1.028285596756867,0.9418080078564559,0.9763008150603613,1.1883189610759444,-0.03353772867784929,0.9639400504108895,0
325,1.444656899279413,0.9253645915958819,0.5771196426626845,0.9983759753716938,1.2051613671324128,1.4834903058736735,0.1306064046637319,0.7752857329962014,0
326,1.2334059480668031,-0.8470272585289367,4.735593306751258,1.0962926805751405,0.9204390810938249,0.771855080399394,0.03287782727895819,0.9625061763322905,0
327,0.9375891792425708,1.02359384645729,-0.5610455799705405,1.1002124067316594,1.0391813396134104,0.8496662227759353,-0.05387817032768173,0.907893928876045,0
328,1.268426048656687,0.9645217159036404,-3.271084516437098,1.1325081498320073,1.2272061018915037,1.1524016124286838,0.03870937174263243,1.011947501547258,0
329,1.5872570579158891,1.0058708491074,1.1046785832591148,0.7310523022265286,0.9572371966246412,1.3902130682704947,0.01978956493918643,0.6771878048967211,0
330,1.1788079559867686,1.5675984390016138,1.8099839214897175,1.1717926811903745,0.9862761297618029,0.9422181408011814,0.051912651612627835,0.946365867862938,0
331,0.8496253959508271,0.9579596567788315,1.7380963069415427,1.0861562006676067,1.1197299358192705,0.7282437214617297,-0.09872147852780151,0.9800356296532248,0
332,0.05948087828329713,-7.036632511950076,1.4208306245558864,11.258612019109883,1.0,1.0,-0.0668551471811076,2.2683092106406275,0
333,1.314736850214579,0.9690816879470802,1.1431599379719402,1.0153013750560016,0.945114528862612,1.0089464518443538,-0.06398027431966762,0.952621507319286,0
334,1.0460330124995982,1.0403370755788297,0.9522597108507511,1.2296799615703256,0.8033118059414371,0.9186824196715944,-0.02582239645474689,1.017422079066127,0
335,1.248368075107387,1.0070456286057519,1.2206609386864842,0.5775944343155776,0.9355805253604966,0.6517905399857156,-0.0965200659011734,1.0448759253202964,0
336,1.0417811066949318,1.345911106661089,0.6095248511263481,1.3059251923062603,0.8978500093335825,1.0,-0.05702599906215808,0.9675757019140451,0
337,1.0526507606125093,1.0898599272166711,1.4273453517097427,0.9666720006180026,1.0295544168303936,1.0990487775366313,-0.056623544427461675,1.0040257489004896,0
338,0.9970891179528072,1.0396859509619591,1.1647884010953569,0.9498845202836725,0.9370825548179932,1.063756400280814,-0.11437341784767488,0.8699855735309799,0
339,0.8965088381229572,0.9498490986046765,-0.18938235654198768,1.0425443981911293,1.444723856319723,0.9360013192263908,-0.028008066323101054,0.8120013222978656,0
340,4.121406058434058,0.3478184130154615,0.7444708358250097,0.4333619048568268,1.0015629504561796,1.0,-0.02884119091080758,1.051694012703806,0
341,1.3015144467332083,1.03099031899286,1.0233203999627434,1.2151073405266395,1.1779257810742148,0.9750049786275595,0.028646319394288588,1.2085498845230345,0
342,1.2406026879975627,1.016509636978374,1.0904328058891404,1.0062124411239242,1.001647063736929,1.0539335992226613,0.025202660569528166,0.8468838138814048,0
343,0.9126519440581713,1.002699789700529,1.8424155821512398,1.2243757676442817,0.987025488526125,1.0161376748808213,-0.11902739555374353,1.0161356052822414,0
344,1.0376152225285775,1.1624107490976519,0.9793732346481999,1.0751856242590627,1.01740469810754,1.0469744829698224,-0.05952356898955408,0.9203225687760711,0
345,0.9405213746701182,0.8748255918431188,0.27245042268070946,0.8014074444190206,1.2874003507758192,1.6429852507203797,-0.0767784243898202,1.1055768363625251,0
346,0.943916698305532,1.025985221706837,0.89976319155864,0.9842877436348683,0.988421098874881,0.9853757016156003,-0.08800676314224935,1.2326538359230519,0
347,1.0566365392943735,0.9586190674675943,-4.997203431843127,1.0204177941852894,0.9918688300849673,0.86416885396738,-0.08024223757595937,0.9440512060392402,0
348,0.8743351503857486,1.0084887306622674,-0.09315828407382298,0.9731940157824257,1.0063813951545975,1.0723300313679769,-0.05806102299509523,1.6606845405994528,0
349,0.46550842848633467,0.9999713882424751,1.01293986024284,1.6136363636363635,0.6747537801981345,0.832435421571667,-0.0065111389380245206,1.0919419448171324,0
350,1.1406378692044432,1.263142891789607,1.0426374433216785,1.074269183724979,1.0857093736115275,0.8287503884802913,-0.06601398084448735,1.1370115918597168,0
351,1.1912611650196891,0.968744428051959,0.9777602461855185,0.9418698281622093,0.9602113170526543,0.9559927820600949,-0.0736982714389342,0.7943846878925906,0
352,1.0117199921244238,1.1314717650489243,-1.353509672160751,1.234814197683757,0.870071723693072,1.2471511931825088,-0.07712009736128782,1.152137329401172,0
353,0.8969126161342266,1.1137656470804376,1.1052870004580715,1.2614617376826787,1.0213965543870216,0.8622225144157792,-0.1669073545068359,1.070523751903187,0
354,0.8677833438923674,1.0531479621890074,1.445647254813629,1.1525186962043177,1.0057646958124302,1.1066237642193604,-0.005891428415390089,0.6908459406173332,0
355,0.327235651761912,1.0495000357777342,1.2164053891478595,1.0031609955290977,0.9931407016712536,0.9042963895855801,0.02634343748783998,0.8953308081826844,0
356,0.9806800554894578,0.994669781525057,0.8938460993253783,1.1004984288655326,0.9150839838819593,1.3014095917626811,-0.015111481166884332,0.7628351201986614,0
357,3.0895617215659934,0.6395277589290294,0.9961922863354111,0.7730632945244076,0.9454708436371497,4.37372343570367,0.002976037558926666,0.9871861681683561,0
358,1.2089367012425165,0.9378653515512145,0.9963451368823771,1.0810388047728867,1.1842297076440256,1.0471680894851192,-0.10578978220679082,1.034742157047029,0
359,2.678231198016838,0.9718219399619139,0.5850199046865343,0.9391891891891893,0.9685841949596908,0.9349701733275302,0.003664261994732623,1.2898958235033102,0
360,0.8989833129358602,0.9518901770792023,1.3292103460926414,1.1572576108723533,1.0611365368133072,0.9121763404395314,0.024904975241015512,1.1997444733786362,0
361,0.9732551112732133,0.7767186064262069,-3.631803394165486,1.1114379250287267,1.136712402482246,0.9818883265956159,-0.05914517982054303,0.8196667037191234,0
362,1.4202248654556082,0.9604455746333884,0.357494361485458,1.047062836869755,1.2496765101429188,1.0841541839250337,-0.07043563838784579,1.2037327856451785,0
363,1.2828686901064013,0.5962044968543885,1.1128671924062492,1.1086681372726286,0.9153874083920673,1.1265861052509043,0.005355415716383869,1.0078603866903757,0
364,0.9978461240005911,0.8287497655418442,0.35124669009914933,0.8828165143441085,1.0646913066215111,1.298084877686257,-0.2505576991549132,0.945993604398427,0
365,1.4602405952314261,2.2858625647884727,2.008086241680627,0.8360846905897503,0.7720620043258833,1.0651114857682138,0.04594934752368125,1.0550042104293453,0
366,0.9505534949698499,0.9966924437994948,0.7628102047817872,1.131703985047627,1.032298255535394,0.9727585514410237,-0.045945648586203106,1.0772109803445262,0
367,0.5570201508809323,1.0109522173644208,1.0523412620187638,0.8601824584051313,0.9996168417963474,1.1054129801736463,-0.02369699225211567,1.0219372632080426,0
368,0.8415218050051682,1.0002613425213953,0.48891251633788013,1.1279853402189879,1.0030473134692692,0.903691159584445,-0.1490198475771284,1.108777326795947,0
369,1.4659314111343829,1.0181159422529436,1.4825655760964092,1.070419877795678,0.9081497064842055,1.0520319817150365,0.015745152123035778,1.0203906177022428,0
370,1.1681820765333708,1.1299679694277758,-0.27336927754823503,1.2369820415799364,1.0307989855379631,1.2704311386101224,0.0536535065845341,1.1923749432626989,0
371,1.1543346159226429,1.011109686580401,1.1701206479305395,0.9867751780264497,1.0564130556509659,1.0206563499340293,-0.11087300001816101,1.038567662527585,0
372,1.0009418436615116,1.0,0.5982301478060981,1.9130917836509553,0.8367367778756876,0.8563725701672892,-0.11947745909741496,2.068996097008224,0
373,1.0005692076941541,1.110661550284986,5.904901229521182,1.0153549661870702,1.0776634093963888,1.3524230250001608,-0.10786054147305156,1.0063555494156815,0
374,1.8240986447337753,1.2866185866941988,-2.0079112211908323,0.5664276857968701,1.8874648109063799,1.0802235945899068,0.028063373374412944,1.023811756486317,0
375,1.1048098952613006,1.1985683735879509,0.46998690553125977,1.145602265715235,1.1036129083679893,1.1680091718760401,-0.038281266569107755,1.0117974862754964,0
376,1.0628575501284663,0.9079032666802281,1.0397990955931782,1.2301851297618538,0.9587755345463633,1.006514995593167,0.03895837815134659,0.9613862739261038,0
377,0.9925546950263896,0.9607625168154041,1.1158676386097865,1.125261549312331,1.0589827433066237,1.5720061481503058,-0.014528013346308917,0.9498553866039092,0
378,0.9597378554536714,1.1232038559778712,0.6925327877217727,1.3091732211450522,1.2649462447145374,0.7874860017092477,-0.07429171939005297,1.0445982040284671,0
379,0.905297834282123,0.9664209322210813,0.9417039363437362,1.0612120491242678,1.2321826612854898,1.1043076886234051,-0.010847813401944774,1.1627180409166933,0
380,1.0499216881487445,0.9936895032149353,0.5831205683754906,1.0652505389347495,1.071455701232583,1.0565465692001386,-0.03932124226616523,0.8491893293476094,0
381,1.20022136632281,0.6392391498665201,2.9143458344398603,1.0829932596634417,0.897257452364038,1.3901422676907673,0.014430242140515137,1.0012770019689063,0
382,1.340326110018761,0.9987243045115,0.9145312394675954,1.3754521082135023,0.7424925657825566,1.228946780218694,0.018618612821651254,1.2573022526007214,0
383,1.0,-3.8688462950597957,1.3964892727779326,0.6240074669450552,1.0,0.8012724630489491,0.1366933944253532,0.8842353951890034,0
384,1.0023297465783763,0.9095360472430878,-0.09777355402039324,1.135280422938257,0.9512560662940607,0.853009568142449,0.04033818000043468,1.0214207764698409,0
385,0.8541306157373142,1.0266966883046642,0.7355849677346521,0.9158891382229046,1.0447225295068157,1.487098980993507,-0.03433497323421686,1.2278343117635435,0
386,0.6971152011658217,1.1272534800830891,1.2437920444791248,0.9768925809705257,1.2462375898866072,1.1305491220595034,0.02284995233967634,1.334711087736918,0
387,1.2048637985908126,1.0044227075973677,2.22702405865023,1.0310541500715722,1.28498083511658,1.0762242768048527,-0.06794836970190847,1.1368211735859899,0
388,0.9002163352171415,1.2626074636466191,0.9896290933660631,1.3925980411914072,0.8180929051964198,1.971657588558324,0.0368499581498599,1.0982792796874201,0
389,1.3555041279116373,1.0740009912617883,1.0252003393662372,0.9579426938866082,1.0755065175155678,0.9177565486896531,-0.07079404218453235,0.8855213125320386,0
390,1.128141981085617,0.8700996005793608,0.9201890325167071,1.080167617493114,0.858313349246324,0.9863071842177698,-0.030458335869499056,1.2363065387422252,0
391,0.9881008903461448,1.052105359428256,-0.5371848501412411,1.0746572340825142,1.0661313577908145,0.9967570323662145,0.050807939614201846,0.9290987494027528,0
392,0.8700555908730946,1.0584656679011872,-0.5826804993553294,0.9683808126617811,1.091290434973381,0.6088261176573757,-0.11388270820089001,0.8261664154879056,0
393,0.9685737054677637,1.0626691642063,1.3087658092343653,0.9963873462623207,1.1271944713791064,0.9245767936814333,-0.16402252891353886,1.0573040527315454,0
394,0.510313253497762,0.9338268049625272,1.1325041603063943,1.0237218508421406,1.0772570548990172,0.4366816025999838,-0.15450819672131147,1.132021663100358,0
395,1.0344099550947823,1.0560225215167995,0.40276557769307075,1.0966716319894927,1.0619492064798226,0.9479878079088404,-0.08730386803839302,0.9885262945912338,0
396,0.9823922072518335,0.8608333252884215,1.115917724852445,1.1971008410708355,0.9946824387762313,1.0982299051364282,-0.16374568115155375,0.9687973841172466,0
397,2.34530566832991,1.0,0.9748487123638828,0.3982751575998132,3.705240685834904,1.1305117219078502,0.02750997656299487,0.9283350266400082,0
398,1.0293138640795294,1.0074640572096552,1.0983099606214677,0.9531377057454504,0.9391211122354988,1.0860024270375668,-0.07078814261510492,1.0462057652040897,0
399,0.9763865774759111,0.960948385483708,1.8015977014036355,1.2385261441799549,0.840802591138791,1.3544681762841073,0.04924838806417754,1.1354438229020496,0
400,1.0379053595027568,1.0545942948238056,-1.797121805323689,1.14398956621894,1.0879953516655791,0.9305098828168222,-0.013534413519810424,0.9921193350968728,0
401,1.580129446091952,1.0139521643946041,0.5453014934045669,0.6504157528138633,0.9345940192953792,0.989907110731817,0.2758353018328794,1.833035949627527,0
402,1.6671485420129064,0.9965899905306755,1.1558725667685685,0.7667977432039665,0.9961049366251022,1.1782722517170676,0.0377104111057062,0.6475565794719039,0
403,1.1897185709559464,1.070034548760116,-0.5838654784442364,1.0290206862647198,0.662203950444855,1.097589517181112,-0.07390063799391977,0.9912997452447058,0
404,1.0163454058325194,0.9081703909459872,1.5848965951568341,0.9817660466142195,1.1273787935768709,0.6354104967899621,-0.08873720136518772,1.0689956362953201,0
405,0.9677161414566225,1.1432117273055673,-1.5142911345059165,1.2263276680023951,1.1179544343569272,0.8040760618191947,-0.03958979662185454,1.140564095186063,0
406,1.0213150897547798,0.9704946587006584,0.7706837931706462,1.1962186008823263,0.967769869737703,0.9096949915995408,-0.06709821117839493,0.8933004358810327,0
407,1.0927735221633192,0.9325570461488178,-0.10806750080678432,0.9574334650096594,1.1366597129317437,1.058599835274411,0.03056968173247244,0.6206839570058246,0
408,0.633686973734306,1.0147154994293641,0.9416773012414025,1.2858697447556864,0.8086312297406899,1.6290049830101534,-0.08295078546516826,0.9592356589550964,0
409,1.4637896221302125,0.9176744750260265,1.2230795196454594,0.9203279099570959,1.0351724402093159,0.9878942257682924,-0.07963164179746754,0.900963487241842,0
410,1.1343925220820144,1.2090659313417864,1.6609971922871922,1.2359561090340052,1.0843404557116307,1.074128410330859,-0.032657760797603,1.2070593365620128,0
411,0.6936392273139149,0.9681305458850423,0.3515401974556378,1.3265819714381009,1.1741453465439782,1.0356352046391866,-0.03778153336150021,1.0148427505849846,0
412,1.0370761051606445,0.9865518366288788,1.0558481372284414,1.2456001751363492,0.8577057067413234,1.0160373683706354,-0.0013879019364007818,0.9713493754027412,0
413,1.1736290991925633,1.1668815045098373,0.5080660812230234,1.2887772689220467,0.9849593805083668,0.8815782114450789,-0.09724590702460376,1.057193382135254,0
414,1.1694347185964518,1.0412325077578555,1.3187364752118098,1.1806083135584808,0.9754470785485997,0.9654071012356658,0.11753232928830927,1.0287563907674955,0
415,1.4770965683355255,0.9110842903784856,2.31110692479498,0.7114898200075066,1.0204413805140724,1.3062683909909927,0.007572719263065153,1.9607893705435886,0
416,1.169836774705254,1.0068336039464671,0.8424958274486055,1.3502272186163993,0.792240942586798,0.9378366857872498,0.032410445506911245,1.360063492808714,0
417,0.43249904200115347,0.8548545107709591,1.0624735423041138,1.2222576650279582,1.045523507054839,1.2124994568416048,-0.021709196997114235,0.16564611458918183,0
418,0.9437845340094961,0.6357943871921499,1.1592585929606911,1.332095304110326,0.9646783173147052,1.6298027812874398,-0.20189429603293937,0.9232484960400662,0
419,0.9921794942714505,1.0128267042741188,1.2856831727951865,0.8502827668052323,1.0857762486017621,1.020068820204828,-0.05451827517341622,0.9965938996188807,0
420,0.9572564112842646,0.9247800152880795,1.3424002238131951,1.1745505323791237,1.029274139763179,1.2643769560578737,-0.03941455119640471,0.9738881197582839,0
421,1.679047615796087,1.0543581378718285,0.715364485788516,1.1613991542562971,0.8581064816383138,0.901208723581557,0.0139109483538811,1.0373941468424959,0
422,1.0703649257260957,1.0200557367788416,1.1993569194105647,1.0502411068191573,1.0035293570974095,1.042592005506676,-0.023857552220797832,0.9181627612086126,0
423,1.1452359110887247,0.9590604917749935,1.0516176355286628,1.04176256433862,0.8820121375140325,1.0188385882628748,-0.07114935628043492,1.045082670473727,0
424,0.9374026723463151,0.9732923456055127,1.1311307006645621,1.0835770597427994,1.050010616266087,0.9595124050669398,-0.09527892443273728,0.976331845814212,0
425,0.897492337249621,1.0,0.7824410190849761,1.0924526138458417,1.057991397525106,0.8362162533876694,-0.03700723585626243,0.8738267055553358,0
426,0.2628413841622709,0.5911419534607197,1.1378403180698997,1.197773424620338,1.6667878057904977,1.1048580123881644,-0.15082389289392378,1.0634382177884827,0
427,1.5604596762063823,0.9058810750217317,1.3092878284423004,1.2054043951287652,0.9436595579561313,0.9887293913558177,-0.08885689000884969,1.0240086462775577,0
428,1.2643722902338517,1.0,0.6371258028088375,1.164450911027426,0.8699442567142397,0.8989138445439148,0.057034865782165996,0.869339944834802,0
429,0.9662522553178708,1.0301004707527943,0.9624242602655099,0.9872272226898919,0.9884420347885452,1.0970486338473262,-0.07081317996265075,0.8362195380624499,0
430,0.9955341455557686,1.0614891539101081,0.9463850553090725,1.1141573445809647,0.8306708020596849,0.9594085875803685,-0.07120948868874548,0.9360056443796787,0
431,1.031691559855359,1.0149460337109435,1.0098361352605496,1.0466766599370942,1.2029103640376804,0.962452134471902,-0.042292247487019465,1.0428720094138886,0
432,1.0734605876121799,1.1301199281416003,1.3181458521995018,1.131215650966931,0.8095515929658114,1.040495223968251,-0.02643249222117701,1.2330528961218519,0
433,0.9706348653516339,0.9002980945081029,0.24547462857168142,1.1767447336662709,0.7889018004875971,1.0659305937346966,-0.06494535909663837,0.9589111001731133,0
434,1.0969778581664331,1.0165236485527174,1.1063691495786354,1.1741774978696728,1.1071689170686274,0.8274602826488837,-0.036219730735652246,0.9629224603620934,0
435,0.3448013788132498,0.3280599397067902,1.7172625380830555,0.7820819112627986,0.8835730945420365,0.8279707972800406,-0.1296416257444363,0.9461145637712564,0
436,0.9641795095104152,0.992116202965247,0.9779555343724209,1.3304519412958418,0.9639852435084512,0.9302254344648063,-0.08109303197711842,1.0013320185118086,0
437,0.9578144750603541,0.9945788821828846,1.56513726267822,0.9320668406325652,0.9391947067289058,1.1096397931067847,-0.055348081241702755,0.8809872365595774,0
438,0.5395991916089954,1.0926906688817306,1.1991260640431438,1.2622771065098206,0.7922170692325494,1.9892270072919809,0.0022958662387460513,0.9701306426970323,0
439,1.9226745160474004,0.9692302686148271,0.8240603484308363,0.8803989179869802,0.8806850179150297,1.065051376017398,0.0012638584147071682,1.0186370688395594,0
440,0.9270572556372804,1.0,0.8824152935541896,1.1879809380486581,1.0673045438996893,1.1932675264590216,0.0037382775222610416,1.1991246394358595,0
441,0.9707029829834074,0.8050167882622052,1.0441531410175164,1.1851888926705239,1.0626401510487953,1.188916735387115,0.06610770328965676,1.124809652355056,0
442,0.7692374360997473,0.994075529718642,1.5801522752745332,1.2784205176999761,1.0970401889067014,0.07356780223254047,0.044212269192882445,1.0032910552756087,0
443,0.978457191971442,0.9517861369355949,5.692576528403385,1.279369689613317,1.054999415641444,1.043315892735627,0.0890556851607668,0.812007235449868,0
444,1.324060093170709,0.9809553274390066,1.0344225099405908,1.0854773470254697,0.9896522947334734,1.309832265636269,-0.06107389882928387,1.0072217549087163,0
445,0.8659421335373991,0.9383442577744866,1.1546411065267066,0.8187224715728635,1.2588003913385624,0.9198687383475815,-0.12117772359090782,1.02492047035037,0
446,1.0379727164785977,1.0578915627107075,1.0914067815490578,1.3025390538074682,1.0934233044214399,0.8584703530293626,-0.005889198928726671,0.974310179582758,0
447,1.0917262631472762,-0.7956227867456946,1.0868293589403053,1.185265251854784,0.7779840331956424,1.068334839496978,-0.05347810811997717,1.0616323984610718,0
448,1.4381202472838195,1.3238081579208298,1.1297380431251707,0.8875815798892722,1.1001373378450436,1.0131522504631612,-0.04512578959228325,1.1988417029501026,0
449,1.302316695000656,0.9016540858995056,1.1121684395139955,1.1493888905329823,0.8970702686435136,0.540649068288405,-0.08375306289136944,0.8994086433313039,0
450,1.0464408927773523,1.01921945728239,2.5818048359721995,1.0629773256079202,1.0134789975734249,0.8262445197360082,0.08985851933162581,2.3856491010583643,0
451,1.0860630038828967,1.0151544946526359,0.5208938045759077,1.0583864118895967,1.066506202232677,1.0213458201207621,0.060189386804568576,1.0178127112345523,0
452,1.0956212307378337,0.9344343405387113,1.0604019478560156,1.0899287720990947,1.6935098029408069,0.4319835568914554,0.0394899240893452,0.9644634282137381,0
453,0.9892833861626845,1.0680417102744246,1.1085188140537015,0.8838258308018043,1.1609147401910036,2.51927575278232,-0.0742471889070096,1.0126645412840212,0
454,0.8386458110048183,1.0541526320338634,0.8460262522295984,0.8995658126344612,0.9127646002646002,0.9647180385996935,-0.20566889632107022,1.0174377874338265,0
455,0.8359092430837068,1.102508812491576,1.2094202658834599,1.011399932941571,1.4277452765550858,0.8188219097191184,-0.16922213603129282,1.01769106146016,0
456,1.109960114705308,0.9868391822645046,0.3897832141034247,1.063658998847969,1.1288059800138892,0.9888505860868584,0.130903558671782,1.0185017773556566,0
457,2.0738357246292023,1.0,1.035608890601033,0.8650720962797562,3.429183264120463,0.9469876579631012,-0.03577993804971206,1.1196818756614384,0
458,0.6464373816871503,0.9120736822656957,0.5921501477303243,1.7466189094052988,1.2078713365186664,0.9025117485749827,0.033204542793583876,1.0878360430057488,0
459,0.9810047538967515,0.9751385914293337,1.2249473622446296,0.9808536447015909,0.9907351249102057,1.11867438880442,0.014390322455061208,1.275967337065336,0
460,1.0556487817768345,0.9985125878917266,0.6657746970824644,1.021821268207206,0.9764411845051498,1.0455290699627275,0.0073263510892551,0.8152976614954994,0
461,0.9907287732181744,0.9045905086875605,4.490960854092514,1.322192513368984,0.9706927883307995,0.9802929775545881,0.035397727272727275,0.8564757831120191,0
462,0.9745983570834851,0.9267143071595818,1.4009489376852275,0.9909026423124667,1.0795721593370402,1.0521247466414643,0.019406340322062673,0.8289544245146961,0
463,1.2162613673001539,0.9463530743539529,1.0677209960045417,1.126619856733234,1.1847413326585554,1.0665678554225133,-0.07071128364721357,0.973018685302782,0
464,1.280814919706264,0.9882045870332276,1.2208953826459499,0.9013771909856589,1.0159223972264526,0.0,-0.09855722189607016,1.0404160917924277,0
465,1.0167138800301576,0.9244832999881302,2.8844539352718215,1.3028553891190668,0.7486384962251434,0.8839923729653811,-0.04775480408791381,0.9970798939348218,0
466,1.5149645585281826,0.9973004302939918,-0.30754099025031467,1.021016395572175,1.016974623357775,1.140478221805901,-0.0356343548369488,1.276760542574499,0
467,0.9988420328300133,0.977868334513175,0.6180873612519131,1.027229458683598,1.0222554385287947,1.0050582299825597,-0.06032548766112779,0.9875955747515247,0
468,1.3585661291571318,0.9642245572273614,0.8750061099237122,1.1121788705153262,0.9338891174856612,1.0932587767725317,0.0014883951689173467,1.2312138893380353,0
469,1.3292964092529032,0.9984345630131434,0.16882686980583636,0.7101408616111332,0.8892781733956383,1.3999039554920323,-0.18511285122063567,1.1040360778066636,0
470,0.3713750067829331,1.5506937026454533,1.0440021956008134,1.97878237248316,0.9230270171304781,1.2359693110896155,-0.10210327769671519,1.1062008711100941,0
471,0.54895061600349,1.0686723562406844,1.1640587525478878,1.2045436732317407,0.9571514593152631,0.9515010115257873,-0.13297960861861363,0.8443467012699822,0
472,0.9627527721304332,1.1342676898010227,0.401021580781334,1.497836710119156,0.9944001840583009,1.0921557023618753,0.9598876395292655,0.8129713377990869,0
473,1.071314299519051,0.9399818163999081,0.8974718469618177,1.0609900203564868,1.0382893854738646,1.0963007062289212,-0.06480817240092973,0.9069664153141087,0
474,1.013693213289771,0.9288769040853484,1.2749326444167248,1.2368408826945414,1.046285694520349,0.9676496762932238,-0.07561064371802281,0.5734026938259508,0
475,1.001963623954,1.1049312069413715,1.0691266245070785,1.2119990433564523,0.9900839328127959,0.9239068740438852,-0.035435336676806706,0.5968333247444387,0
476,0.7420092255936912,0.9244131238201929,1.2747024090967838,1.0303664004824384,1.022692538864172,1.1665770732366787,-0.06585673504613954,1.053373398518715,0
477,0.958475408294844,1.0228907841862125,0.5813426373173378,1.038382561996525,0.8334715455392223,0.9629764652307043,0.0433107892606253,0.8728812745289793,0
478,1.1057016264295636,0.9997518201809216,-0.10663360488411945,0.8955762018411183,1.027256701134094,0.991839839645679,-0.041779999963018365,0.7388334043541367,0
479,1.0873810577305976,0.9348045918434167,1.038358849694372,1.1790572960767711,1.1471848182846347,1.034966271995776,-0.039683193484989346,1.0330411897986664,0
480,0.8118733925193252,1.057601854253174,0.9069212707150399,1.2768361581920904,1.0578796021432861,0.9585828644302935,0.014893723807372838,1.077582678371051,0
481,1.0664226654056699,0.8357531023567758,1.4841647728861183,1.1583796823694967,0.8284589796942151,1.208451717602338,-0.1016222512914037,1.0758572222867069,0
482,1.4050790649287668,0.9895954609770248,4.954278532404254,1.8228346456692914,0.6679058074484258,0.5822729761729558,-0.02999240698557327,1.3933269450329862,0
483,2.2987173507489724,0.828204670575184,1.4176667008409383,0.3566133088389598,0.9928318659079259,2.797194679005237,0.02707879746306804,0.6934142785179614,0
484,0.8363525816487254,0.7552021763573354,0.36985695788998,1.074013979031453,1.0,1.2718267987269185,-0.0036810380527308698,0.9640702469707144,0
485,0.3731083871142117,1.0051244819200766,1.600252801308381,1.0551182714255007,0.9974827742421917,1.1212582904959678,-0.06621317271930174,0.7338530484953961,0
486,0.8513981626397502,0.91055205398172,1.4057067937475003,0.8819076000826844,0.9657920820118797,1.1198668063711572,-0.2503633530955592,0.9483697638981742,0
487,0.8338493569346088,0.8853875712914466,1.511806415082871,1.0678848722658207,0.8886951136214731,0.7486251487513843,0.03892476666352409,0.8952755647213482,0
488,1.2243603930234332,0.9216372437344617,0.8874814462505687,1.4610403533599212,1.0442992389442287,0.9460667634329865,-0.015018131362009255,1.366817642365424,0
489,0.9043561176797987,0.9838300797022203,-2.351630615882708,0.9946380172405357,0.8878353648580075,1.0589058569267589,-0.016781788111684015,0.9859799286159225,0
490,1.1011685012323573,0.9644579794145584,3.431421630160418,1.2616370000744768,1.0034095410026136,1.0485867010387444,-0.06882195302031775,1.1456037857736936,0
491,1.0764347850091553,0.9372631565302741,1.0025199223544328,1.0584375619373483,0.9985091721628256,0.841625719569997,-0.06129487161586685,1.560573241930799,0
492,1.3798489154209495,1.9703426744491597,1.9381144517293856,0.6862160528621198,1.2722279314193727,0.4653035272034544,-0.13631408834526904,1.0186833139824898,0
493,4.706671931899934,-0.6833701056678815,-2.131484869568134,0.26412261658776454,1.2529079376873031,1.4688291923329455,-0.3765647381204459,2.0439129773396525,0
494,1.0629976112557145,1.181199336655656,0.9416507523069563,1.3817424534007807,1.0028919359683341,0.96800100959168,-0.032750014944109035,1.09326115903925,0
495,0.6580079042051568,0.5508966306333357,0.5090891418725257,1.410190760227337,0.80916974618153,1.1761741742806449,0.025136750553340026,0.799934611867488,0
496,0.9708199621066854,0.9410245415913561,-1.4346030803177947,1.1345736683232523,0.9598168123410308,1.057508286389306,-0.03211203327137888,0.778110733119957,0
497,0.7905492598182879,1.1160286513884805,0.9354255827006297,1.156433672872029,1.0750587444625115,0.9459504035817955,0.0254245607146363,0.9910488201618375,0
498,0.8703723508386894,0.9638912260720136,0.32352604761194603,1.5056421689138633,0.8828795666977796,1.4568356537566398,-0.0024375559830252117,1.0319524365235653,0
499,1.3328239733892657,0.8915638619679656,0.7907533979115388,1.010168310133459,0.9721921212475563,1.3388452229458292,0.024378422914748208,0.9605072437209701,0
500,1.1109954126520087,1.4857031600975177,0.7504062047908304,1.367324515653468,1.0757981778723273,1.031398467672778,0.10614371914426769,1.1187563920020671,0
501,0.8357735668166029,0.9978128742605477,1.0771197920709874,0.8393550262469436,1.0426698573822915,1.0826603952821783,-0.2634828595205498,0.8698397762855341,0
502,0.8663701816484395,0.9946647211810814,0.9706794067768197,1.4979138328926656,0.7968423625169399,0.652552496733412,-0.05797426662153373,0.8622512820283134,0
503,1.1622374611322381,0.9040127270829136,1.4198424607140558,0.9719678101154033,1.086239509067613,1.1174163423198495,-0.1498876219712751,0.9864404304209208,0
504,0.6410729162398766,0.9735575782862947,0.9619780100468148,1.03992330634853,0.9963719707467863,1.0257166659838028,-3.143504668661046,1.1625348637893047,0
505,0.6444736063979598,1.114917985220163,1.1106080654509216,0.8800047060527079,1.0110820220153662,0.9918547362259528,-0.21493895638467145,0.7350553304610838,0
506,1.0711696683477248,1.001978904887304,0.9903785042642286,0.9531236214992208,0.8796147978034622,1.0995281892007864,0.026598038797495654,1.1675682414992332,0
507,1.5899268352448548,-1.0113353267780236,1.0689664729062645,0.532734091445703,0.9969656990677335,1.0583204368157193,-0.01658237443852325,1.0177538256483598,0
508,1.1410919638946893,0.9709973512219995,2.6381123091870564,0.9119142206239527,1.0373476022859376,0.9961803682454549,-0.05971253434791799,0.9527076946504117,0
509,1.255913459125294,0.7595651471500812,0.8592478114968307,0.8703105746485461,0.8607417010796136,0.710038564371985,-0.07353537076926359,1.0736285513221244,0
510,1.003157170394719,1.0217825966961152,0.43798113094051744,1.3740001420757264,1.1500032941875922,1.0178001739030997,0.10894642399384774,0.9842431960407988,0
511,1.0824584483127442,0.9219617895940204,-0.39503513809613466,1.1963978248213158,0.8613265928702171,1.4464736802644664,-0.026416035358964,1.03484881822067,0
512,0.6667837153161275,1.477203822119145,0.12398566572281706,1.6313192754798593,0.9994426755648387,0.6507893902958272,-0.006202414113277624,0.9449469464407726,0
513,0.9362229490096022,0.9861500655074863,0.8478782824884157,1.018153592700545,1.019036670072456,0.9062011275277442,0.013671709556643577,0.6838036041670913,0
514,1.1753155544065736,0.6563605841496611,-2.9983872096922823,1.1777299044028546,1.0663381966889318,0.8825678276586789,0.039791953878932196,0.9871846574827664,0
515,1.1157933818645815,0.9855598634339015,0.6839668236429938,1.1794922090500068,0.9249508713161022,1.0151682769155908,0.05884600968640449,1.139552392643595,0
516,1.4302744136644383,0.8584923837129665,1.2752792991185036,0.6896192678338049,2.696525195285598,1.1892153516561286,-0.0063377609108159405,0.9311013020644838,0
517,0.952854299100593,0.9768216943101116,1.4306016351796516,1.1577114247360594,0.9738738982237441,0.9275517079285488,-0.06044317434397042,1.1288670940663197,0
518,1.0542627052482032,0.9200579458437866,-0.29481348587851264,1.0526611632187455,0.6580532725232136,1.131499793014837,-0.02439598368371509,0.919724174135409,0
519,2.1310173910632884,1.0,0.94216019531509,1.0478015461653345,1.1666251774475183,0.660678109994702,0.08582604173732168,0.902347000984047,0
520,1.0715055453248354,1.0461234066856777,1.0438349334016073,1.2325900603423716,1.0330472089555836,1.0578119873176197,-0.01618197376655555,1.0574342005513013,0
521,0.8576734748303522,1.1055903494940862,-0.2897083585533339,1.176388408090599,1.1094063519510384,0.9033136902988564,-0.028236431765985736,1.0786787824043274,0
522,0.9782586249945266,0.9896410513106141,0.8498606123922512,1.127114926311047,0.8864209679246376,0.5333294604420202,-0.10199183663211861,1.198394809402057,0
523,1.1026372985654642,0.9878621267065846,2.03717058141417,1.2166393591844167,0.9885535512222916,0.9254549716480885,0.03558797957809548,1.128962926789979,0
524,1.2202777615259568,1.0031044853345406,1.0123188796563212,1.3010597841284046,1.0719903183320811,1.125487221016805,0.04117158610966743,1.15260792036608,0
525,1.001597293706861,1.1039015482709607,1.319360302396564,1.1735012568874896,1.1344794411014316,1.0545585408900207,-0.07637369276000484,1.0560246772400856,0
526,1.450030079445031,1.1416754850124993,1.0316038996907568,0.8337639343077563,0.9825811914271436,0.17688100217626862,-0.1203216176889729,1.035124675805438,0
527,0.7735513854906099,1.2505429188216581,1.0459824463780152,1.418905824630481,1.0729059838699675,0.9614865143213012,0.0028684070863554787,1.0951515440666657,0
528,0.8722327241918019,-0.21329363943676444,0.951421816210481,1.1392724261115714,1.105067373487778,0.4770970762442672,-0.010017240197603243,1.0262675515948043,0
529,0.9909563236344691,1.130684448564603,0.855808607319431,1.1308890880738676,0.9155973175044392,1.2002402920885071,0.012867602226222007,1.2567693836159612,0
530,0.9859578175425738,1.1571305283567983,11.111603073841659,1.1496557841998076,0.951745359487508,1.292239022097219,0.01521203690705599,1.1908362868222886,0
531,1.102566658370849,1.0,1.3670400281439714,1.101656319662504,0.9193553541229833,0.9342863999818635,0.03568504796490271,0.8186534743627815,0
532,1.1544545072185133,1.2952067382688766,0.8575298566126603,1.117537973525285,1.2057443999408852,1.0199208548692023,-0.006342725914045128,1.1954736495361202,0
533,3.2820147836108315,3.351689892320834,0.7063364279325014,1.7416025592200473,1.1337732291947211,1.1552711097808332,0.4059202960148007,1.9845302850100721,0
534,1.0451659039092076,0.8840384811803629,1.6550571061472183,1.2664981354488192,1.06649563435578,0.8360840162279366,-0.0581024731595092,0.9749810303376714,0
535,1.2168224694635872,0.9688894675817095,0.791981068767761,0.8883454141866541,1.0330977359866458,1.0933036686348614,-0.08016646746252322,1.250761644795128,0
536,0.8688343976200913,0.881751723056864,-5.981130414645301,1.169187268152222,0.9657188303957439,0.4511750213022402,0.029991085169891827,1.1047206687850906,0
537,1.263498633351671,0.9593355554409237,-0.32956257210249235,1.138146338961755,0.9685890971139802,1.1668997781297812,0.020494048508391854,1.025101806479533,0
538,0.9900830205718739,1.0126703769272076,1.067841823698738,0.9661277990169306,0.9074345816192374,1.1303930837963605,0.0507842519064415,0.9409529986251426,0
539,1.0825811850009186,0.9850470237816541,-0.6372541508180258,1.116811425388063,0.9321269393575436,1.0375792691823773,-0.04669610001663848,0.6987089475011087,0
540,1.1861907623052326,1.0180360715747179,0.8121345501988451,1.0061263283253938,1.0784773680097928,0.9010891078064341,0.04757355991000616,1.2321586289317799,0
541,1.0745599554578638,0.9911964590159861,0.814134423739584,1.0891027708183465,1.0094032239527064,0.9303557379500922,0.07841997582070119,1.1535760196573404,0
542,0.89117357466991,1.0089253757709835,1.0973598288330402,1.1661829317001733,1.018231787913123,0.9248390250072407,-0.06754268235587878,0.9630727532179568,0
543,1.4752631879329428,1.008691963210503,1.0099158311707457,0.5949161082965626,0.8378982436948408,1.3423654808436958,-0.053862315388806675,1.1730040770472323,0
544,0.9247195363118677,0.9124324442824355,0.9625338145076583,0.9447701460248783,1.1560173802988292,0.9087478560826144,-0.13037254680378196,1.0515796600476024,0
545,0.8034487534765945,1.1739595962422482,1.1826077172309657,1.2199991605221552,1.0685155868036387,0.9532818392494093,-0.027101546738399464,1.0424359885396626,0
546,1.1714458481482375,1.0168093775132814,0.9981518016425049,0.8764277878973904,0.9989776539557867,1.0403899077350465,-0.041667951203323714,1.0780998711936665,0
547,1.3211805556707823,0.7107092750622395,0.832164840500405,1.2206348316182036,0.9706303533052701,0.9748908215823918,0.09508529744453935,0.7353679224525375,0
548,0.7879537794404561,1.0,0.8263780487373378,1.1353081838257393,0.9355862809503869,1.788801622702867,-0.08716206234303443,1.0120599756162703,0
549,0.9284689590189404,0.9135301704064612,1.0172079241774916,0.9505171809256662,1.2949280823517386,1.2203882510259605,-0.19706164378968827,1.1361123965425886,0
550,0.9685500244229989,1.0,0.9344460965095995,1.2298684154494741,1.0396208797768036,0.9249232365423616,0.026963775262867546,0.9691802056301424,0
551,0.3682053868986506,0.738238273085623,1.0918809032686694,0.8280732645600875,1.1140019322306418,1.74743548695978,-0.013988374036820808,0.7637744512518914,0
552,0.9421694739364628,1.0093524173492276,0.8517527188943831,0.9486493332011848,1.1218529887452715,1.137301921226408,0.058663351684129526,0.9157342041190021,0
553,1.4906534624630452,0.9691808611396712,0.6843692240312307,1.2389124649356253,0.7812097526857228,1.1731153234399816,0.008818387911770715,0.773326109424856,0
554,1.5010067240274991,0.47925752060371934,1.1097468738602785,1.009864061272124,0.9938192603487553,0.9064812985016844,0.04865277935016417,1.0580539358658207,0
555,1.2232343566981587,1.0,1.0494286539285962,0.9263057786039274,1.0049426509047878,0.8284772142210397,-0.2551225986892784,0.9634384594692859,0
556,1.3109473577592685,0.8876917681706011,1.8664577994228508,0.9767378215654078,1.0060451303792721,1.1385775866865728,0.0004704531500426579,0.9469632362444743,0
557,0.5354993681841931,0.9199997930897753,1.3350607352988262,0.9926462912486227,0.9928347361844438,0.28880743596439473,-0.04336494407915795,0.7280606634590185,0
558,0.6958714612603989,0.9785480957040816,1.0881667133613495,1.9487898263366605,0.9000551909775195,0.0,0.14642526315789473,0.8377021542827656,0
559,1.1766962094673055,1.0008967853117585,1.1039884241678486,1.0941853460981457,1.1485009312347039,0.9591158876262417,-0.013468234060873784,1.1564472933652195,0
560,1.1212293244532399,1.0250166749129854,1.0197067809930749,1.1640012070006034,1.0294040373635704,0.8223967826957338,0.02065520422017017,1.068775906397474,0
561,0.9866215634170588,1.0457239046814675,0.8923916944262461,1.2826772608722024,1.211417450582807,0.8509126114823244,0.02958092746300975,1.051860862738689,0
562,1.4106594330450055,1.437573569443523,0.5122774000340797,0.9605318531830435,0.9574110597969414,0.7938490680124972,-0.16809685834921834,4.187155979867455,0
563,1.3689392930675974,1.1271469425875316,8.102275295974279,1.041150333251049,0.9062691735045554,1.0255589539322378,0.15137222578380194,1.216591578196278,0
564,1.0368087999702318,1.0726273903697001,1.2003183723221962,1.0559061427891718,1.0863201631939714,0.7917479622464184,-0.05580845662260352,1.0511081851033086,0
565,0.7939896571687622,1.1019370587236648,-0.7564881964015993,1.2157460649358192,1.004391265051995,0.8697109542416778,-0.020945354507940477,1.1680042509154833,0
566,0.8702630933871353,1.4218339272323441,1.1961602833903833,0.9847156690865877,0.694119684766606,1.2180632654013672,-0.08288122547823312,1.0181676592784663,0
567,3.0179442584030687,0.8833682731398883,1.1792285091684847,0.9306254733371944,0.9901023265892782,1.0912923025226902,-0.30767396763836347,1.03799808805213,0
568,0.8394512070449727,1.1028496796780023,1.435702091671027,1.254837691139545,0.9307731029913083,1.0436268521652787,-0.07069933838979543,0.8637014114310747,0
569,1.8237107818949851,0.9129222077294867,1.225519658864677,0.9354370243616877,0.6430777656288598,1.224497450647668,-0.09307088974371784,1.0201724495699664,0
570,0.9830776701198363,1.3302137594460592,1.095490190360869,1.2000463103662862,1.0146808637233862,0.8284774340791585,0.062495966961347356,1.0826462641275627,0
571,3.1937293822843227,1.0677836832363075,1.128349749806628,0.312965880455028,0.9911908073596574,1.0421193098151202,0.0753652346453786,1.263629092124371,0
572,1.2604414349695188,1.0022827273988961,0.9730668451758265,1.0287072338717769,1.339348705730747,1.0545950582404622,-0.06201341804862076,0.7428742216190205,0
573,0.9159942535942056,0.9690327358360835,1.211122578519062,1.1501366928778785,1.0061887071565683,1.0445400326167138,-0.21160415791300535,1.0308811935415993,0
574,1.556473544191546,0.9104743893555929,1.9518445616785178,1.1350444556282504,0.9459399487530941,1.1825982131031854,-0.03124442063917158,1.0242760577767407,0
575,0.43736906331969866,-1.4059420373106892,1.1878019406762435,1.5239939098889117,0.805484890772833,0.8285544031464156,-0.02817646497671474,1.0352022970520058,0
576,0.5831449121671922,0.8700075531572815,1.0849017261529141,1.1565197442000517,1.1192830345757854,0.9291902460471576,-0.04225352112676056,0.7132848404309574,0
577,0.7675543653160875,1.0262878808262623,6.8217962479784635,0.9822068830947097,1.1622531360963926,1.046114496942269,-0.02698833767368131,1.5899172333030906,0
578,1.2814223661365058,0.9516323146010762,1.3386289625920513,0.8536883114125878,1.0389396086679723,0.8834370065515734,-0.03268669663275767,0.9642966891717143,0
579,0.8665799378333019,1.0112353009112436,-4.712396745932403,1.0249077490774907,1.0681375764893093,1.0574703184604175,-0.019814241486068113,1.043559182209469,0
580,1.1771814450882532,1.0155478459932845,0.8722045589655294,1.4151208244491826,0.788116271137701,0.7801965592724501,0.047652870968151094,1.3032432946562142,0
581,1.0408056943669906,0.9255573252177048,0.7547091538224909,1.129836102923377,0.8438968729291539,1.051773460200272,-0.055453479280688035,1.2154097214272135,0
582,0.9309177990840254,0.9806198086344644,1.2629805680582349,1.193305414118285,0.9328975967801211,0.9736807994199708,-0.08603518624138991,0.9629809138507772,0
583,1.0705840524595156,0.9778805272188948,1.089336656313982,1.0265648974072243,1.0315415224457158,0.806020416341609,0.06727260908517957,1.1658557164163563,0
584,0.6858201945181595,0.9055333693633427,2.280579070861338,0.8427904691721937,1.0006181858537724,2.2201687070298,-0.04303069214938152,1.0278752740421577,0
585,0.7025977497847684,1.436559584411935,2.0088410086248514,0.8699224754763722,0.9573768198130214,0.8296728114727219,-0.05014365850321522,0.969733036088359,0
586,0.8139264309971437,0.9391836722760305,0.6792165863923357,1.1711629711420812,0.9114004015231966,1.18959727446614,-0.03009366753123194,0.9973085746619318,0
587,1.1518044809423722,1.4148333371795747,1.0173831937176399,1.2852694531854951,0.7002609106898988,0.4929705583756345,0.010497421394110796,0.563518273320547,0
588,1.1250611152569414,1.0602267189907484,0.8975226132650939,0.8888406029139314,0.9663834619284867,1.427224521895586,-0.0019611865588971384,1.2373459284722623,0
589,0.8733998330520081,0.3435229051106374,1.1619577543293107,1.303766155088853,0.9161522633744855,1.1795307807584872,-0.01547726588376995,1.1090034503810888,0
590,0.9833272909440657,0.9002518717727644,1.1565035365739802,1.0177796480892138,1.0091386673869558,1.0926003101271022,-0.08935883231369526,0.9464117655465261,0
591,0.809590377294822,1.0219604267600941,1.7568012075368151,1.2768526021597844,0.5661712927083227,0.9914199686794698,-0.10577241836565554,0.5879748587445267,0
592,0.7090664331462779,0.9782217263525889,0.09405424747766504,1.2154691781900653,1.3779055721841509,0.7605343385940203,-0.0720360777398141,0.3199888746962851,0
593,1.922343770441467,1.1138055691074493,0.9309606532700123,1.1195356589373957,1.2237693903522089,1.0181203569275126,-0.12151556889672513,1.221756259088966,0
594,0.5597207689420767,0.932192733001077,1.0007956805499945,0.9675569371312568,0.9934946307126158,0.9792966625956804,0.019885702464379002,0.9927440132539141,0
595,0.7753620605186854,1.5001858043745988,1.003423066165992,0.7850884887260718,1.0804742045103488,1.5378945130168495,-0.04966845204447836,0.9673580257199688,0
596,1.1227713622960167,1.0754549025348015,1.0742487449580111,1.0267784359545677,0.9784021133678001,0.9696541252018441,0.0015140864110744592,1.0477612087202055,0
597,1.2624565725167958,1.030606572944329,0.7371266209517603,0.944780426599749,1.2366276994918521,1.29679278431137,0.02969469900258215,1.1010520153483587,0
598,1.41125340780637,0.9429051426460595,1.8143732448481555,1.0123727718240076,1.0250752253824682,1.1223170732336811,0.13572593051824297,1.0165667837707515,0
599,0.800027280227823,0.9603601576969878,-0.04172668202192804,1.2704955449980557,0.7085819273980613,0.8998013400924955,-0.07708007347438602,0.5800776673864487,0
600,0.9195550794022362,1.0131694725067433,0.9922188001018096,1.107826497631241,1.0163847923575,0.9090444887377684,0.01123011527110055,0.6740945837343829,0
601,1.1375688627885019,0.9151084573257515,-1.2053357592714218,0.8549118330523535,1.0021772055288367,0.8722654551512465,-0.08937293867156514,0.9446279026555593,0
602,1.0851406971876756,1.0007983414268469,0.906248973795969,0.9213492814731951,1.068934754720309,1.7532814621635022,0.025264656169379947,0.7181550240192154,0
603,0.9845296459017612,1.1272893342923487,1.3974830328227945,0.8465955979606371,1.21873994231531,1.2151981258042674,-0.13526394860902452,1.0640994775572141,0
604,1.536640243479285,0.977303526512072,0.9281200216395252,1.167843639658782,1.0220893925940533,0.8727811789135966,-0.010220788886132473,1.1162626161824292,0
605,3.7989771224396383,4.365597081454064,1.6092684218418862,0.42105352543236435,1.2950434692067974,2.1174762612439735,-0.08486247404866601,1.2350642677438288,0
606,0.90557799437901,0.8913859864750765,1.0948546216803077,1.0770170438019895,1.27070119954464,1.1484310096208357,-0.08436828086390039,1.1151130915303868,0
607,0.7692412538671378,1.1083750236512202,-1.6831052690217203,1.4775645505920882,1.0016201775511482,0.8121472591631527,-0.10585838867788411,0.9881001648722436,0
608,0.9290360457615205,1.1349746930176299,2.5849349356278317,1.1064397231128826,1.016639758182874,0.993310431675559,-0.006341154090044388,1.023567518548241,0
609,1.1804656645266502,0.9713556537375333,0.8908521502653853,0.9255977072177389,0.94627494357668,0.9504707624809345,0.03687288903534063,0.9612506717626788,0
610,0.9698527973796413,0.9411356286649118,0.1847823334086908,0.9819319713366872,1.022902465455761,1.037172848478624,-0.09881760006155661,1.1060392083435557,0
611,1.0650317659031117,1.0377353041621493,1.0908424332888156,1.2616163349347975,0.9493993213754365,0.8969472771459454,-0.05631898093617762,0.932179088176154,0
612,1.010742066946387,0.9899056177381703,0.9986318226080345,1.1468953023488258,1.0494222610317185,0.96302946680456,-0.0024990688565558724,1.1674705968542216,0
613,1.0442325604172316,0.9974049433448737,-11.323164772836147,0.8976519505931271,0.986053268333409,0.8641239809976486,-0.020330733707628335,1.0755046696998207,0
614,0.937114918292797,0.9409395093364104,0.8872362578739135,1.1449327382252878,0.8232899804870145,1.1407928863824222,-0.057269322437861765,0.9481043770349167,0
615,1.2845195035143142,1.0789942576470566,0.6568201221471327,1.0999008055789348,1.3781024761165108,0.8992968958424021,-0.002874679512081415,1.673652149748039,0
616,1.2161945442694533,1.0,0.7613524603290738,1.1087861025905792,0.8140892985691383,0.9428977437245621,0.023879706837028454,1.0284246738709375,0
617,1.02725556479133,0.8043276374309197,0.6879182023975704,1.350350725833677,0.44796825683561897,0.8859842660351067,0.1941147132169576,1.0604749584125652,0
618,1.086407772678769,1.0,1.1185820546419711,1.1145752626522454,0.7696014509462492,0.8903815115865799,-0.09552708057308218,1.085628007967521,0
619,0.6846471603319582,1.3316145619296378,0.9784973846046575,0.6028925133959316,0.999675101143374,1.3014183576370137,-0.10691458454386985,1.270844250607458,0
620,0.9030794184267683,0.6491585583067757,1.2175013705933178,1.069392387295235,1.1085364990623123,0.9428677797986954,-0.03691154530584366,0.9500047199207199,0
621,0.7973341181151662,1.0561145705671504,0.9460171263566668,1.1562601204741239,1.0582700870586461,0.9582125629906789,-0.0666171178219371,0.6665952367750718,0
622,0.8877976748303441,0.9907123736172779,1.1184069700217854,1.0377643724107857,0.7415737147481994,1.0367870172076104,-0.053784268326741685,1.0573494111613524,0
623,1.1600069383641407,1.0,0.9058423709349764,1.2495270791003994,1.1477938797889806,5.13920294551013,0.08403904316744569,0.7337893707903661,0
624,0.9292949891293821,1.0725543654945855,1.5054330140113024,0.9899255548598066,1.2431426488933386,1.3166114097532395,-0.08662064213497289,0.8561588949162247,0
625,1.1766815696960522,1.0910040298651635,1.2990238821009996,1.0970997194276944,1.0725607436534836,1.0394650868248667,-0.009444757837053754,1.1028054934354885,0
626,1.2069164308822415,1.7146922438558718,0.9793280158220588,1.0926011810901894,0.9826261229324905,0.7027910233182174,-0.038980534207907064,1.151175523172729,0
627,0.783379907149476,1.1083492870828637,0.9280609314818166,1.7022967341796684,0.8716810192083543,1.6870861140728088,-0.05381341209173036,1.0087339085514901,0
628,1.689929041866448,1.1585989876236855,1.2926859523174907,0.6229868488957699,1.9424859077722125,0.9908008823186931,-0.12042539002860501,1.178092416469669,0
629,1.204745600666481,1.2622511857779146,1.1868548752088783,1.249910663236135,1.0672422832635557,0.862375493720681,0.03339915648845657,1.004499933168061,0
630,0.9782257748447698,1.0,0.6239728367522027,1.2718181818181817,1.0179101530824501,1.0652770412045471,-0.13850786216125793,1.9647602908238433,0
631,0.9421816622264209,1.0667895739716604,0.8403150576432281,1.361276196434157,0.9293325979040264,1.0292195196336282,-0.025323418111414246,0.9092936313704207,0
632,0.8886562638032298,1.0580286443819322,0.9628054070343166,1.1426349920592906,1.1584321909865058,1.0495365572737398,-0.0873920725405874,0.9135718304739414,0
633,0.773018786771153,1.693261720265042,1.3584685412119424,1.2172126811721975,0.9814875438513732,0.6465802697984134,-0.4328733428586931,1.4735721424841242,0
634,1.205966191681943,0.8955998571389854,1.0018392105229652,1.05648095552451,0.7911347138123787,1.0,-0.07154532076152141,1.3831432199490519,0
635,1.3675977186298047,1.1395881531270935,1.1436587602945563,0.9474353305328321,0.9950454217736121,1.2426022976127122,-0.08210449433957512,1.0829983395246874,0
636,1.2321441301666634,1.1435495297515657,1.365706768615077,0.9627391176015855,1.0183513869873446,1.0591762915193688,-0.01775079368757676,1.0331126239464041,0
637,0.6698351430609495,1.013796588934076,1.051834901701656,1.2669515140256362,0.8553027440395862,0.8660925735119284,-0.00020908629290004047,1.1342871435911432,0
638,0.4601166819760017,1.3672958304013172,0.8754728624381202,1.6069436566458688,0.6708204334365323,1.3953495212742486,-0.18875170483095255,1.0005649211661587,0
639,1.1349742548846034,1.1387192909209454,1.7207640606715506,0.9880206440357636,0.9866007898107301,1.3560124961516935,-0.008331718659174583,0.82967299289878,0
640,1.0928060284849714,1.0,1.094983537260428,1.1168084124472573,0.9442537748723744,1.1486699859752751,-0.054029547062986565,0.9395380434782608,0
641,0.6447596315119147,1.1280486936124203,0.684873434296503,1.2402154266110885,0.8570222252368482,0.8295542643090754,-0.07628304693117018,0.9338471963138283,0
642,0.7582699865932485,0.9473562230525208,2.396837759070098,1.107149920886076,0.16706844295184445,1.1295848440145744,0.039161752823668995,0.8027818845449701,0
643,1.36137520353091,1.1036005817299062,1.2721580469046687,0.9004769261772015,0.9734954928498252,0.7725374784074684,0.001252353636642292,1.1103831830421045,0
644,1.736028684349597,0.6823241430911278,0.964493265154452,0.8492239467849224,0.9842837200842385,1.3053935098843714,0.04328170558810154,0.828936631837029,0
645,1.0578807659968403,1.2247156030575927,-1.282548453088543,1.1988572247398308,0.993777477160714,1.0411716093091503,-0.11940688785319858,0.9883392655821562,0
646,1.1219621769661172,1.5288337087396378,1.1956370834775996,0.9208815776762672,1.0361545111670294,1.0123903977091078,-0.020363718006286485,1.1649661504791724,0
647,1.1386981969506493,1.0236516540956304,1.0401494602647827,1.2716235276178858,0.9229462291787901,1.1418443951242672,0.014420981045215964,0.9899184335497414,0
648,0.15338766224621664,1.822815987740171,-2.6097520878088596,3.604711616571893,1.1656069997048548,0.3175833469805298,-0.12015693967631191,1.3398771160019733,0
649,0.7582790482988153,0.9372695252117451,0.5260394288350361,1.1775929203539823,1.4647212678132497,0.6850402636174217,-0.08896253816936024,1.1475698420472202,0
650,1.179668931000413,1.00318477068043,1.910191054694502,1.1209583663291267,1.0720967715790657,0.8159007281653369,-0.12283838015322875,1.0022300705236684,0
651,0.7233364900343774,1.0538725565791691,1.004380168951349,1.201499683801608,1.0930452378989488,1.5421155317880746,-0.10654045826991639,0.9806257007262558,0
652,0.7490368963749605,1.0568347270128575,0.9244560269189757,1.0334530128004995,0.636949018190839,1.0144690918014838,-0.04612991054064566,1.0380691613977007,0
653,0.8487054386294338,-2.9693936205855276,0.34228918511183437,0.4846515172610891,1.1476650130840835,1.9701446574652093,0.12446997434829317,1.212067513496406,0
654,2.183937877631011,0.7382997448562683,1.5113240245040276,0.5367275680064961,0.976571743018297,1.078798137363301,0.0008918016467221128,0.9657374433856487,0
655,0.9885615894027376,0.9720908575292979,1.2536318394178534,1.0371725610905207,0.9176187414656196,1.1399855513802473,-0.16458528462899363,0.9414133703068814,0
656,0.7935501686179167,1.0217626994732636,1.024077791756817,1.1690276883451385,0.493253341571086,0.9527841816373154,-0.08495339547270307,0.9771362300570441,0
657,1.0066071239678576,1.0003852020770096,0.6915637548961991,1.0230044433239844,1.0234674777002462,1.0117024998056976,-0.1318745188025543,2.1198850240063347,0
658,1.1819420776038796,0.9627861969191378,1.1260792632061138,1.0233619043109028,0.9893707399302413,0.9386433282252982,-0.02857106640808204,1.0518432245993465,0
659,0.9884994139206996,1.0139301465259947,0.3681116224621579,1.083811499406126,0.9030426476171596,0.9557659174741083,0.07511465286291605,0.8620132672568157,0
660,1.0449441252506595,1.0214243502642464,4.437887331111019,0.8707899241209214,1.0264892914255421,1.0604925190276986,-0.15714628225492255,0.9160697748167445,0
661,1.0401484794889704,1.1103103129434528,0.8750159346905464,1.2512939808083745,1.1053243946376492,1.1036194548464486,-0.11377173764206491,1.0202136550990837,0
662,1.2104791950707179,0.9444285336787722,1.947920734006273,0.9305279243433382,0.8910645998361105,1.0916662341461305,-0.016097218128641712,1.015248866301162,0
663,1.0936040613496483,0.9399043446355103,0.34609356436920025,1.2198151193784381,0.47794033655061113,0.9380221901452336,-0.02696246174507044,1.1627930457197129,0
664,0.8875372300168531,1.1494662276762813,0.48040707767756624,0.9231099594863499,0.9857370454492986,0.8689517714173125,-0.05277027895616404,1.0114005172516,0
665,0.6213046144211187,0.7599941556887856,1.1712489874070244,1.0913257511458156,0.9540436002259475,0.7469500980082107,0.07511353315168029,0.7646425128331892,0
666,0.7903786539547096,0.7531036337644204,1.383417611312787,1.110504420176807,0.6931983606709381,0.9579544049000113,-0.04127833656300944,0.9082751290897778,0
667,1.0079734914475964,0.9731233438234653,0.7739262990534581,1.3535353535353536,1.0717984186339395,0.16125157345801114,-0.024293310943184987,0.9575214910425872,0
668,0.9642786576062808,0.9131242743864292,1.1512540229171238,1.0224499991941853,1.0089837526069425,0.8809973631103308,-0.10252424165873185,0.9467688141546198,0
669,0.9830256960831482,0.6153527680193439,0.8429986540356549,1.1019305287667902,1.0340943843084895,1.0434993225070526,-0.19674891646494896,1.2502198630624402,0
670,0.5418762820375824,0.994946376985087,1.2042959876951844,1.239047339017936,1.0788443068647864,0.8535112832337307,-0.07460884906448767,1.0042518804286529,0
671,1.4047458615007604,0.93459004668459,3.98759004579128,0.9267827541185618,1.1038452733164272,0.6964464353551981,-0.11270348157956225,1.0726614623447872,0
672,2.179150219313871,1.157217473256605,1.0737340055015614,0.9820204412314596,0.7401287677577761,0.8027234005687266,0.045368020304568525,1.00853560539555,0
673,1.234228763019112,1.1142687743103061,0.9127543374577252,1.0072962334794713,1.0986508829548332,0.7493185761165082,0.08041431261770245,1.1551681188256164,0
674,0.8246821424357574,0.9149377447266879,0.9509730045964059,1.111586919592299,0.8480613301872799,1.3598090816080426,-0.05215352317746249,0.7649058421408179,0
675,1.792826522821739,1.0,0.9886573721627109,0.5588774892237541,0.9336463158495364,2.2480960150234925,-0.17743644895751592,1.2994867031378132,0
676,0.8056301403856116,0.6923105528516416,1.9276553118603605,1.2950025866528712,1.21927016601742,0.9394331926896277,-0.10195646183521634,1.3420991207256892,0
677,1.0981777577177598,0.9141560887935789,-21.733841189963776,1.081502100658725,1.0371640916266103,1.2486063314605507,-0.052488478374052724,1.0122627700757443,0
678,1.1743802732674362,1.0214083279295783,1.9818939929534343,1.170119118969134,1.0113528921314414,1.0,-0.09464159693517492,1.060230944792143,0
679,1.6058609701288873,1.0,0.9763354635551412,1.0462314091252836,1.0725662293741423,1.0006456095146097,0.17020487598144182,0.8231746092682697,0
680,1.2250105413842183,0.9005570921356624,0.9294142867744417,1.077316983958337,0.9959921744989741,0.9720164324089519,-0.04904877828870254,1.1167399374865044,0
681,0.993457914671174,0.9498788773499022,5.034500827983945,1.0447388958637305,1.2406156362163123,0.9821270700011675,-0.03226042965026761,0.7939296372374945,0
682,0.6168897887719299,0.4160078388569321,0.5313485114568546,1.8908677762083155,3.139255107792754,0.39278556630812983,-0.015638817216024035,1.7214165679980806,0
683,0.755131600364043,1.4509556133149457,1.1882572481580596,0.7636130605743866,1.004508632381511,2.8367934571869804,-0.14351203649338332,0.5787732408075548,0
684,0.7402116583945079,1.0469109146580318,1.2319161028736032,1.3265541142472241,0.9906241138772302,0.9538376708967541,-0.04996319018404906,1.2747964433576995,0
685,2.212382207359341,1.0088402922358364,1.2217792169267807,0.954922279792746,0.7873017911587835,1.0232739253676806,0.05541553769784561,0.9545187877078419,0
686,1.0255779104209433,1.5892356507259928,0.879573513780646,1.1266543809683363,1.238001659484206,0.6230154418072634,0.016879884351597232,0.9690242895995985,0
687,0.9152200822485174,1.0,0.9626696653343948,1.0226256604796098,0.4515636325637536,0.9588029049074107,-0.01904357302499123,0.8045027579034727,0
688,1.689789956457527,3.787544154156444,0.626456927250636,0.635381150818706,0.8963650964728755,0.9537313236347669,-0.0329415217942389,1.0266623800534178,0
689,0.9895227347549226,0.8608941626239905,0.0458440906916512,1.2168165740272865,1.8723132570030294,0.5436632567791002,0.04689520772433342,0.9936519851114517,0
690,0.5569868421375702,1.017055936550472,1.4804649379757966,1.4243813891277348,0.9860268880113808,1.0582201940282143,0.035164409866080514,0.9459345854119176,0
691,1.036560394978723,0.9195254365266444,1.8740035106346846,1.033337966019249,0.7110743693954178,0.8167830591139787,-0.1089673317254988,1.0124396504253956,0
692,0.9757484846195151,1.1000032708323744,0.9293156322183356,1.149103637664623,0.9698788798812353,0.9591441723523121,-0.12355189821704747,1.0061695149558112,0
693,0.8601854220346647,1.2064488483222926,1.108083030521783,1.0788646970164704,0.9954831509088715,0.7722379005251855,-0.033026776109856666,0.8333586846451895,0
694,0.001118795989504142,0.9969008315983138,-6.289943327950377,0.4771335799557372,0.06958203913267125,1.2393194684042779,-1.1458865326967915,0.03877489745451839,0
695,1.2667117070246838,0.8479813194511217,1.0709584845370885,1.2676565526145902,0.5767944320300602,0.8039790643383705,-0.13208921572028165,1.0311013343995334,0
696,1.17951456540995,1.0406205868013687,1.136522795791089,0.9803901867202545,1.295401159116696,1.172641744444761,-0.14452635971623315,1.1737030477886605,0
697,2.8669158855254357,2.600499741286498,1.021549050098926,0.4082988891306026,1.2728882550125176,1.4009887753621766,-0.0618742387028495,1.9642632688638615,0
698,0.9194365353302427,1.1308793890500528,-0.40339165756427753,0.9542404305238806,1.0260558206054013,1.1599304134375594,-0.04148747245223271,0.8948652943159696,0
699,1.1864106963219223,-0.42242106126012785,0.7326835627585865,3.1672667757774144,2.186104674373436,1.567516708006063,-0.022676878600548723,1.098962535292718,0
700,1.3629281004877312,0.8260791868764364,0.8982358544015491,1.0359547342787567,0.815284367975408,0.9920332311154592,0.005199401612726676,0.9578968914142211,0
701,0.8344224667459973,0.830286023435041,0.5446009201944839,1.4489632174109268,0.8262146985068667,0.71829525941864,-0.15706391918726798,1.2163867319840709,0
702,1.0791726057933417,1.0037330957257218,-4.312075678770409,0.9578296270500638,0.9365833289837675,1.0001449624268062,-0.03438821870593764,1.020723164945575,0
703,1.1010140740923118,0.98556529851593,9.852415763205165,1.0132777601913405,1.058947569505672,0.8719003054889414,-0.044072815956798184,0.984906757132934,0
704,1.0,1.2166310520437238,1.125370607411385,1.499400198195379,0.9915124747660632,1.0891376586811155,0.0462369109947644,1.1390354186833564,0
705,1.070833072476039,1.0,0.9286478271263872,1.7187911430281269,0.9371567013041091,0.10510697302540906,0.1269131867902132,1.4298466300080972,0
706,1.090439299246841,1.0,0.9048309077083064,1.057307173105017,0.9488488205211133,1.1653177021525045,0.0790731164495647,0.9845639026229287,0
707,0.6876747974835246,1.0502709079625365,1.07228147202066,1.2160677255916368,0.9998537235712786,0.9763362228218245,0.03236954571835594,1.0788086466585152,0
708,0.9454839846723817,1.0294695694127793,1.308948449748659,1.0519333110044287,0.9749215975666219,0.927921595881047,-0.06700119644993661,0.9443909027079228,0
709,0.46927213916146804,1.2538357992817029,1.0942317216123316,1.3304125420357125,1.016210894437169,0.9274268721700566,-0.11560674455655869,0.9848568110661525,0
710,1.0027760529856151,1.0,1.248103231057861,1.1229304966807967,0.8720603869243978,1.2507083945778215,-0.008059813395534821,0.9505437275717418,0
711,0.8922901395872486,1.1584749646923924,0.8242802752344921,1.31426699120015,1.0408679189917813,0.7416176095343803,-0.023725301231665673,1.008209457416769,0
712,1.4281695046740785,0.8661416111493168,1.2493246152114552,0.8358837146378859,0.932647782111007,1.0179704395247382,0.004430689343768816,0.9368728980572284,0
713,0.9096692901131921,1.0381242666300792,0.21772095120011276,1.0722781690824068,1.0249014813381607,0.933214727124116,-0.07707882286905622,0.8860234344676524,0
714,1.1642471924917903,0.8959232086277832,1.4493702507758093,0.9290974510727015,0.9762033929380589,0.9175985839106239,0.005828810373592959,0.820659582445138,0
715,0.994122705011312,1.1204666875703053,0.9662815981967897,0.972921413809549,1.0607932049224185,0.8544915586329874,-0.02417407607306195,1.0786401906776377,0
716,0.4419122070546335,1.0,0.9030924186898365,1.3726121003541323,0.7644113655929647,1.4570758916404731,-0.13466997870830377,1.5609792540344436,0
717,0.4007277467264468,2.140696556032773,0.9970195193800887,2.285546711353163,1.0487186253613718,0.7825092917933302,0.14220640569395018,0.8977557964983416,0
718,1.0070459972361618,0.9991262024006637,0.6754531815991865,0.9374029201615409,1.0583780737239215,1.5124656931600702,-0.07514842203937089,0.9553420716530325,0
719,1.017494790279961,0.7622344149551524,1.141676824283805,0.9623175507297971,1.0099851010840788,1.1470522210503717,-0.06955291959177953,0.887745875561515,0
720,0.6005729956405104,0.2815815358441739,1.087760589268882,0.9170525742304548,0.8658730080416469,0.99875558435261,-0.10395772166764533,1.0907668465285991,0
721,0.9217277550356828,0.6528627891769586,0.9869336729750523,1.1277541351334353,0.8552326568651842,0.5474938601529012,-0.029966833964368524,1.057209407567294,0
722,0.9277066293104069,1.0835216286236993,0.09040852558339696,0.904850086698877,1.0223007009827083,0.9252101346892365,-0.027310090927844873,1.1179335617245836,0
723,0.7661513030259203,0.9269443477886502,-0.7227910701205561,2.0701132598813468,2.3661899102951867,0.6598515126876001,-0.036731117036153116,0.9614915295755939,0
724,0.7788256569036327,1.547926626195207,1.1232526401853493,0.860373300807267,1.0519859606248483,1.1524037310939823,-0.0947665222474383,0.965000028922409,0
725,0.8987501181855778,1.0425415510457015,1.5489163846363712,1.2106275166267022,0.8197763238000544,1.060071484668114,-0.0436602439200404,1.0392700234139012,0
726,1.1810561018354275,0.9829060259913093,0.6464736472756415,1.5937723693629207,1.0002105474256697,1.0227115554850488,0.03488742904521973,1.0777462093619319,0
727,1.0438417775211415,0.9903543837008302,-2.240479260710369,1.1447617003005581,0.9847648369656304,0.9388559687645087,0.023388407695853663,1.4326651788201148,0
728,1.1429053085857819,1.060332536699402,1.047164426809712,1.0369933329399965,1.0171673189404729,1.0964805103917814,-0.012849329711603933,0.8199510749598402,0
729,1.1544439963011783,0.9990422540951429,2.099410045903319,0.9228855721393036,0.9883047186156925,4.367375931504678,-0.08245016310257339,0.9602705243085998,0
730,1.2006350048574168,1.1333368395224712,-3.05234800707972,0.7615057311566515,0.957686824403344,1.32997640985786,0.07190043432242052,1.0058851067499983,0
731,0.9508425979402079,1.0345585768045147,0.049322808448985,2.1399048045238196,1.7943122255615385,0.4831515415541174,-0.004896102394078421,1.2676975377126871,0
732,0.7746569259137437,1.081902497649686,2.289508178179442,0.9905706727135299,0.9935040621243871,1.050707719012882,-0.0364650898299362,0.9074790784482054,0
733,1.0441750392175806,0.9662983261787133,1.0228752009055093,1.1323936354202697,0.8970903316453055,1.1751619084142892,-0.023037726370182532,0.9363260454008959,0
734,0.8892684817763544,1.1314984685081102,1.0156221234723,1.200317672245114,1.1320923763020425,0.9306590073611126,-0.059314211479949405,0.9890451963022474,0
735,1.5342703607076111,0.9556456826103288,0.707770292812165,0.987829383886256,0.9370360805839707,0.5347072832380337,0.003303469507765749,1.036680421181093,0
736,0.876865971190606,0.9340575220021463,1.2842558633198753,0.810934260370711,0.8942925006800457,1.0888680511049433,-0.01317100645552619,0.7450090325605663,0
737,0.9572484866363987,0.892330652043106,0.6068042059541084,1.239722741881326,1.189144051050561,0.9942657880118935,0.02427080463991675,1.0664611996826108,0
738,1.0814330509812196,1.0248390200864703,1.5314077823323835,0.9702049118577669,1.1124613486938515,1.0045559780862028,-0.06393002454412178,1.0655542594707166,0
739,1.0086342189606454,0.9433898708306525,0.23505098795732923,1.0992307692307692,1.1137006705664145,1.2208537438768374,-0.13035997435983943,1.2880388255658053,0
740,0.7232753001673872,1.2928938225111704,1.1387550718768333,0.8149357338700731,1.2351433491209927,0.7050598539733566,-0.2556804300024432,1.2200012378685425,0
741,0.9635211667256196,1.0,1.0436125238802592,0.9638328205897801,1.1263797514272624,0.7844369751959971,0.005336322986062385,0.9086085744442725,0
742,1.3815641804814494,0.6174633845806401,-0.668834995722237,0.6829797140006652,1.3709669766322363,0.7886075239651203,-0.04588768484355481,1.3599640016607553,0
743,0.9778916077943643,1.0424338824052608,0.9672775128647639,1.0324774938436077,1.0849229640498899,1.0,0.031329314720812185,0.7487031664657027,0
744,1.3926723831140384,0.931890421132599,0.26565334596676743,1.9768855505652778,1.0211968060979262,0.6149612273983924,0.04699263502454988,0.4765058086406127,0
745,1.0010066782067615,1.1335752121182807,-0.5140059175264237,1.4531957940329978,1.2547596659983815,1.2771438911289432,-0.003435811630669409,1.0135265967508724,0
746,4.869622699135328,0.9621126742165828,0.47572818396337957,1.0757668517384789,0.9949176517687196,0.695855173688957,0.002168538838530598,1.159462498679368,0
747,0.7957540178763085,0.9235869487784615,1.5711753345506159,1.1381098174179274,0.9870470606114196,0.803067050855631,-0.019109374329024778,0.8947999951739437,0
748,0.6086299328533505,1.3592606752518517,0.675693529277344,0.988885205623696,1.1461599272810525,0.2463934346973578,-0.07721895829491267,0.9578633793677057,0
749,1.073279203461151,0.9708625842700174,2.6950378863244495,1.1363820043103448,0.9992857286237145,1.0,-0.0709560286510147,0.8545824592240984,0
750,1.0020246577666003,1.0,0.9753699801622194,1.1569318025888486,0.6034945827655617,0.9975588556121385,-0.0055120731433525956,0.961334443899635,0
751,1.0963176125823628,0.8791092729539963,0.688980103959121,1.2150302096622776,0.8790373990690604,1.3653914916676495,0.0995582798899243,0.8876191208041845,0
752,1.041020714408052,1.266545886988312,1.3187711878119848,1.2009520409377603,0.9916019337758039,0.9580212990938486,0.08885981308411214,1.0336049488375953,0
753,0.9755232170844703,1.0169597207437406,1.5238917175988196,1.1703092304115321,1.0099429500953159,0.8803192523138452,-0.11363384649462843,0.9010047985959797,0
754,0.8419315899802244,0.9841734040765503,3.458095212598845,1.4175771299179167,0.7660806522595139,0.8338273507834949,0.003988465788126233,1.1196953288343834,0
755,1.2534155858228122,0.9699694432319632,0.9793590569073528,1.0264312664041995,1.0708414282087477,1.2330523132790367,0.040603320118929635,1.0627386609876994,0
756,0.9918861448149086,1.1098464053222166,0.20826704436048113,1.1488565393093315,1.5820221784730668,0.8906987512768754,-0.02592080696394364,0.9732183806674694,0
757,0.7012444062408753,1.055138721080392,1.0458788629653628,1.2469628557886596,0.9074487426869902,0.8899041492723593,0.022153595402003037,0.8891296487189249,0
758,1.198941111582497,0.9492582746427188,1.0861733255974366,1.260070118798396,1.0032670532773462,0.6095127840077972,-0.12447580543906786,1.065658025739191,0
759,0.906351041057104,0.8599006345609046,1.1179040441170627,1.1411616739080723,0.9783340344455488,0.9752332669638712,-0.06355419255911549,0.9134454380021809,0
760,2.0220314919083258,-1.1356027852543797,0.6214241531810675,0.2768948960617246,1.5091655253468965,5.104329194980521,-0.0033883799186944217,1.2358707060367367,0
761,3.6474130627142993,1.0109940333820544,1.2074094512262472,0.7607640902017028,1.0110186318414272,0.9061569369963773,-0.09813179347826086,0.9910076896922719,0
762,1.8499034187684134,1.0062164192548728,1.3159271928703042,0.8368690686151004,1.2549580480497173,1.0831306137774255,-0.026677884088849954,1.2835032556868864,0
763,1.2297779723899536,0.9421222337630595,1.5004808352795738,1.0375700272820043,1.1493974662684108,2.441602269457993,0.11215269640392676,1.034721903368599,0
764,0.9933733404756252,1.0,0.5539512988669649,0.9012511332728921,1.8017851613367837,1.0012466413303966,-0.07233596048078567,1.1553932361556523,0
765,1.7112252160431134,0.5476389095444852,6.202039621695234,0.29025660859424895,2.928282945866439,1.754701565476389,-0.02555467356193559,0.9407244707475043,0
766,0.6682992863250395,0.6744753064978793,1.2684404693962843,2.3426351447387126,0.30255035737491875,0.8028492709901869,-0.059828380740505324,0.9472778957075897,0
767,1.1993658392915025,0.8786035228580819,0.7841867206932626,0.9734773098977321,0.9720528403900668,0.9777521982538135,-0.0073940686491489275,0.8398957601392296,0
768,3.20348899256119,1.062419239594086,1.0031953970803318,0.3708950224677661,4.229119059486482,1.0220460120720414,0.041262583952177426,0.8536828042495986,0
769,0.9928386309224323,0.9088711651807753,0.06262061744393219,1.0772284214704715,1.0045629598350225,0.9744004764609886,-0.04942738092267771,0.7654499325302432,0
770,1.1288689749221303,1.0665686958545126,1.2559032019804912,0.8632072135785007,1.0846285454756772,1.2339730717306598,-0.021044103288530656,1.457744853013778,0
771,0.8419858766347321,1.3494414575898577,0.8822559588240445,1.3786970536673642,0.9894869215291751,0.9420855519040048,0.07018100984439506,1.121887852868011,0
772,0.7142448234908247,1.0490638475012843,1.0071627280216224,1.3069394540676784,1.053385902700013,0.9011461300333748,-0.04075372480280456,0.9752310820978458,0
773,1.6170143258536382,1.0,0.9286260590337906,0.5337698517153636,1.0071900960481501,0.5400984850714647,-0.017362641976863807,2.1033993869878893,0
774,0.9017416186695271,0.8283072971454177,1.5778076091913429,1.0804873710423337,1.0107531177649176,1.881527806295277,-0.1355206847360913,1.0172514832822979,0
775,1.4393995965000719,0.9816539594528398,-0.044703893849533306,1.214425342088116,2.1841897233201584,0.8167062720125238,0.0010220331328880756,0.9097831324356781,0
776,0.8060809838995908,1.080205082778211,1.0994665211327477,1.1012050932241928,0.9905461000993862,0.8727228664336546,-0.1458884448697023,0.8775684391831955,0
777,1.022230616214694,0.9080231857391429,0.9792528528360275,0.9965308608833915,1.0471046289230415,1.0174572774423245,-0.03583090481373548,0.8725699296763815,0
778,0.9731282676711578,0.9599692784802846,0.9876737703075993,1.214686268566232,1.0432265912218486,1.5004538145578883,-0.007176921638301848,0.9828001108018393,0
779,1.5962356475020616,0.9841066865319026,1.994580013083796,0.5372535431662717,1.0017762408902695,2.782291258350471,-0.03570527378248802,0.9390133564889145,0
780,1.5609520526929568,0.9916730016646207,1.2761532799967181,1.1710622532052843,1.0144924605462797,1.2096657394477188,0.04042567894409507,0.981699837892796,0
781,1.1067720182374126,1.0422207291254564,0.9865850681935204,0.9766213101042454,0.8606909044411217,1.0179901473409112,-0.02471441822640695,1.0277121335376975,0
782,1.6933518825174259,0.9265053236010274,1.0283565004076,0.41654263606374736,0.5051900982723547,1.5494722257494684,0.0005825729070806678,1.3268119284244486,0
783,0.8554041016478817,1.0166150955314552,0.9516868038686632,1.0757984705353127,1.003650846332559,0.9440929720014369,0.02624448812622857,1.1755955098767865,0
784,1.1321573921458843,0.6068320772138921,0.919002855343095,1.0489705430440317,0.9224697352633615,0.1945542074621391,-0.1531451736531026,0.8386446649922071,0
785,1.1926165745057153,0.8780662567709254,3.2528844966035506,1.0193371936497084,0.9865300808961428,1.3852182132543427,-0.04401667237178584,0.9436853515973436,0
786,1.0359781973982847,0.8708105846596812,-0.43936907743629877,1.2790772705275044,0.8336043296012124,0.7440082960647116,-0.10119697442295693,0.9868565199937388,0
787,0.6715894840124893,0.9815533574495887,0.9381312567534994,1.1326722761185135,0.8956948814365744,1.082792702903583,-0.22531512605042017,1.1175306857436853,0
788,0.9627560385037994,1.1135593763436982,1.1936938759597686,1.178320283277642,1.142095322117753,0.844379502813888,-0.06212309533673985,1.0010341367693865,0
789,0.9830327532227459,0.9818816184214934,-1.1200013088765026,1.0096269039876775,1.0348007728173054,0.8809627085142293,-0.09288199838439073,1.4403454641680933,0
790,0.27620853927338185,0.9191814369969858,0.05785219329738512,0.4614586697198329,0.9803775405650097,1.5091894835379225,0.3005069203166828,0.8766361967528075,0
791,1.0682147216252336,0.9001404849098797,0.8663179638570092,1.0887282970077576,1.168316003941118,2.8318057876563016,-0.24986056887897376,1.133827573968087,0
792,0.8758057735067055,0.9789704742087011,1.1705387625507493,1.1287516520485403,0.9758433449305262,0.772085430169152,-0.10356870713741428,1.107151383197956,0
793,0.8015953572989136,1.0708797281910976,2.165067546603436,1.2155542898565732,0.9669516697372195,0.9221751860539438,-0.010071004202289527,1.022104560571973,0
794,1.0545354259241144,0.9325523629907679,0.9419035646676887,1.306632525258148,0.9568320485838955,0.8473253464466771,0.03917619982400325,0.934313638877041,0
795,0.7137346468228217,-2.4711724958833226,0.834210729779569,1.3412185354691075,1.0914575146095653,1.7586089761488215,-0.0021354846363744215,0.9618075991077765,0
796,0.6520704929618297,0.9930073491858957,1.0714361627692892,0.7147498474679682,1.0220934377709656,0.8803601572839689,-0.14177118966172558,1.0711022450246788,0
797,1.3654432064972182,0.910059217204853,8.550136180733064,1.0489568595746592,0.9264475431687867,1.4868851874935132,-0.01926949654491609,1.1549783773854307,0
798,1.65344059075047,-3.509938630267602,0.7173573531304716,0.5662951599015243,2.422847640238361,0.5430421194969804,0.06936852645229068,0.9977179226071708,0
799,0.0,1.0,2.6100110883239025,1.2715770322794056,0.9090094486684553,0.7327196970765043,-0.013994523881959238,0.9115624836311877,0
800,0.5398992724962093,1.0005768794037677,5.069763580556566,0.8283508216194811,0.6023383315319117,0.7090191693232916,-0.13503054040192103,0.8805271414170973,0
801,1.2530471802526966,0.9945321347329336,0.30103185627026835,0.9693308550185874,1.0700046904315197,0.8639408256987049,0.053134347560387256,1.0173071576067212,0
802,1.1195892869434416,1.0034193226222774,0.9056766043826435,0.9160868522072936,1.011942563324823,1.220944101821298,-0.03551087734586537,1.1080262663671978,0
803,1.0474304831998438,1.0267435453090663,0.7469063832059141,1.0856266932839014,0.9724737445924181,1.0043613081075864,0.011422608303249098,1.1868417623526066,0
804,0.9241718617488806,1.0082913327806766,1.127382453240258,1.0631696636541508,1.0107891392849515,1.144967677160619,-0.08414208385381634,0.9482260175089886,0
805,0.7002541593212966,1.2380708356244743,0.40705059836244356,1.2935897071771423,0.904893813481071,1.1485204910577058,0.0872913430615415,1.05986163449739,0
806,1.96969435905761,1.2417480393337523,1.0665665874643886,0.5457177524958253,0.856088534495045,1.3441650740655142,-0.1239037103956636,1.9734688204970574,0
807,0.930526674160394,1.3716429003553565,3.0187001304340932,0.8747166740928728,1.1155968252834103,0.9400918879699645,-0.31714185965320607,1.3015390289734288,0
808,0.7984344861063012,1.4002719711328453,-0.22119548701826627,1.2377438788481732,0.9996153204897416,0.7922220652552522,-0.050966775275287174,0.9453472235837633,0
809,0.7930151313955859,0.9381491421578783,7.239730411716795,1.4205316921515134,0.9711229123519759,1.3515605819501115,-8.853866926380223e-05,0.7775803568684516,0
810,0.79806176711805,1.1731026254124666,1.2227340563273352,1.187436999310308,1.0275230954532726,0.8118325440085785,-0.14335016297053746,1.2452050555481573,0
811,0.7517385223173754,1.0470286104660975,1.42122733634499,1.3943581976524044,1.3066141701367224,0.8606109979633398,-0.14426594167078596,0.9611900075419187,0
812,1.064052628097927,0.8260442559039273,-0.19995728424814485,1.0202064522088539,1.0704779993668883,1.5371220352376131,-0.07712618121178433,0.9526069421644403,0
813,0.9320936451166193,1.0,0.6860003769949243,0.8435323095870376,1.2035119470119837,1.6860748264256098,-0.042858600998135876,1.5099563628612689,0
814,0.7638105956055212,1.0,0.9441591465759366,1.068848620832622,1.0015575595457384,0.8110205885587606,-0.019393265565438376,1.0275526460333708,0
815,0.8908418198394977,0.8178406601396124,-0.09028885417086864,0.7029693440492806,0.9724868723377239,1.1119637291047535,-0.11153992959837143,1.1128353511967604,0
816,1.6120229366375172,0.9789853308518304,0.9145425383375065,1.0377448297198888,0.8605209760214434,0.772978797168643,0.08791250522158507,1.070922034416633,0
817,1.2642761271531533,0.9307127282335612,1.6966396558398755,1.117544265412587,1.108584861644475,0.9363551588021927,0.08332171731251743,0.8491467952203638,0
818,0.40049734356504735,1.1291172094679303,0.90948554328239,2.0847758331335413,0.48485001877870565,0.35482716538683334,-0.0659764937449136,1.0387409735085846,0
819,1.7410222888113467,0.9595270156416571,1.1454963231706135,0.48888813910070406,0.5381490096038416,1.8131809120533868,0.028517943874797624,0.8372139830800643,0
820,0.8781919633120687,1.0346528915136304,1.0097999750080071,1.2646741821783332,1.113221249301758,0.9612431073475644,-0.043266444225135904,0.6040936933233791,0
821,1.1241581520775519,0.9527442146520759,1.2500470937694457,1.0193130022085428,1.0820128138646372,1.0089862673873162,-0.036083392729864584,1.0479233231434646,0
822,1.1255309857761673,0.9109118871172768,1.9941280732056237,1.0201912858661,0.9664414305327335,1.6286867721979623,0.014691340584828367,0.9835892499506386,0
823,1.2659979933609034,0.9619944132643796,1.0009719131938357,0.8746482010164207,0.994594791232421,0.9466529940040145,-0.023142432862791402,1.273740408299492,0
824,2.251349130431113,0.900748471041219,0.49804195042008004,1.13396702027098,4.798831111734123,0.9605729349453361,-0.5354977053850837,0.6892351844116362,0
825,0.5806438440672089,1.5652976845389048,1.0187327347355486,1.2833576947170597,0.7903174169122766,0.9623617428797805,-0.08976528265868366,1.0882889131949967,0
826,0.594598552332398,1.1359866878944602,1.0149517956497562,1.0990917021604147,1.0679825261805653,0.7337437006557643,-0.12758887032745952,1.2868031836028968,0
827,0.988564630648252,0.9237810266254086,1.0532036174487012,0.9337199668599835,0.9497043698720747,1.10129119812154,-0.035719943457385876,1.0065857988352462,0
828,1.189989162256143,1.094789560685803,0.8471105258964474,1.0465264187866927,1.0336436537929763,0.9364947005532647,0.01827344434706398,0.9971002879679479,0
829,0.9888187959333535,1.0335650918095545,-0.38187465803393905,1.5460638336412709,1.169882275997384,1.0,0.04404523071311326,0.8783110515010473,0
830,0.8908243239954468,1.0708347935188953,1.1544409535110158,0.9026363539331839,0.9852737556448228,1.1698237370511315,-0.0833027821907206,0.818332964216891,0
831,1.6617869794173632,-2.960812329150062,1.9349322553511488,0.8084248521618924,0.9911137454147672,0.4981476398823654,-0.10608376159066253,1.3562689517796929,0
832,0.8861110049495574,1.145704979375902,0.7956748872501127,1.1061155807961298,0.9486870353551371,0.8655581966563664,0.015226395085936099,1.0922946465258039,0
833,1.4350075559926925,1.0244514642310565,0.9142936297111297,1.1662540680370506,1.1251340807303416,1.0,-0.0127740234053074,1.0209094896590258,0
834,1.1426136944933236,1.003737548562154,1.3144735085261205,1.0693094563914187,1.03568601237353,1.1724338298770975,-0.06969404522809672,0.8465397135739998,0
835,1.2301585196268268,1.0,1.0477892598083094,1.1229215354447042,0.9421642748718552,0.9423715312451225,0.12488010148828863,0.9247063801618066,0
836,0.9934126692545473,0.9554528576717045,1.1215970340740462,1.0581943529173214,0.9951830429442924,0.9530145133461891,-0.13152990868998074,0.9633764797533051,0
837,1.0395382998440015,0.9148145651669606,6.3433752864101125,1.1426808872316507,0.974962527666181,0.9061746927100883,-0.041652115201043054,0.8822615447800098,0
838,1.0020262815055156,0.9981180750454106,-0.917604692629437,1.0889615485221031,1.0305267918874168,1.0767703634334902,-0.0010788381742738566,1.0800093459112823,0
839,1.2314133254996673,0.7890525703666221,0.735761922786002,1.527190664905328,0.9170890716878977,1.1691186759174987,0.24169435215946844,1.1724446235537471,0
840,1.2708886460647923,3.190907952620424,1.4287139373500586,0.589656646245904,1.0763994306890088,1.053437742796402,-0.45295208002565324,1.2750330590913836,0
841,0.5450040432275612,1.516495351354543,0.7754536759818359,1.3662503726769804,0.7542087542087542,1.0361090791951786,-0.03377700488261655,0.9818501493250987,0
842,0.745579592663897,0.9825012413549172,1.1209388530958797,1.139344262295082,0.6633651041011591,1.0141213026827507,-0.015581582569402966,0.8464566090232993,0
843,1.0441343041265683,0.7863567606550195,0.6004877695481817,0.8229484502970933,0.9807760301704386,1.5704637560458856,-0.08342011423522358,0.8850827959822375,0
844,1.1546019210579266,1.1633035243079664,1.4924646435545332,1.0649539757657704,1.0185879845093366,0.7261659667285217,-0.06638026080675208,1.179074436859035,0
845,0.4982873497926356,0.6499901605080596,0.14017937450327436,0.8384055743416333,0.8023902106295095,1.145694725732055,0.0666004996748691,0.5131928602184771,0
846,0.9818599633990704,0.9430047410697958,1.0401091533504117,0.9979232836550208,0.9675028049773018,1.0907199356736472,-0.11961283029532285,0.9400609064423503,0
847,0.9186368059121858,0.9942978378240117,1.0358852067412676,1.2093202502001008,0.9085112146685811,0.8028260390472423,-0.04869016127655944,1.0267275712078792,0
848,0.7744295646663342,1.0005020025790574,0.8646501492967898,1.2303745510518214,0.9632027909762225,1.2787915998201764,-0.4908257588617459,1.347930175732595,0
849,1.3456354604303613,1.1567601351183352,0.864253098574648,0.9552897020877317,0.7201785012686028,0.8810319050727011,0.060189063060907017,1.0236069611689653,0
850,1.0664978813059585,1.0734613981233545,0.8795596533145786,1.0103402848549625,1.0367830613845845,0.9737519119223536,-0.08467885455427925,1.1791465631033904,0
851,1.2332916535338385,1.0,0.9361854087183982,0.8709345453765839,0.9912099968119575,0.8067992098206371,-0.00393151553582752,0.8583700870497377,0
852,0.9052524839799102,1.1401635827620096,0.24189332737384905,1.2348487152197052,1.2614046506453052,1.1422316795598664,-0.002606700959265953,0.7881112647272943,0
853,1.4867090222697925,0.8067058682690438,0.27189581291235093,1.1856507786969708,0.9772025007185972,1.1711163664676476,0.2509048791081511,1.044527282968037,0
854,1.8721405884146234,1.011355179127298,0.5527981674175153,0.5517369368873981,1.1757071732044182,1.5113025930776312,-0.13495317470986243,1.04789948200952,0
855,1.2144179526710792,1.2225884262777709,0.8478088645670951,0.9510854109394254,1.006877537840587,0.427645954893195,-0.08395307827953692,1.0644457524009352,0
856,1.1101063795824326,0.8091333549442257,0.645849495216192,0.9126806803155351,1.0385643988914166,0.9883219872168238,-0.2468785166925674,1.0990528351876425,0
857,0.8605068202584994,1.4448819506785169,1.478835688339951,1.076672148383792,1.0655023759623166,0.7378703402303073,0.013759800612700554,0.9187517824889262,0
858,1.1701021215800977,1.0815715676827529,0.8009435656490526,1.3710750353289904,0.4284698370582586,1.6641783166658062,0.0422284087709969,1.1709624057661496,0
859,0.6937939080692627,-0.5803857071287333,1.33972442853568,1.2559361742544166,0.9884205396063709,0.8094523586904987,-0.529899042195185,1.1348323212999623,0
860,0.9909316693559279,1.124260614864735,0.9790661716255621,1.1203536323579257,0.9989433794860644,0.8173675831384138,-0.10620869403332403,0.9807090421446503,0
861,1.7691270686941336,1.0293620845655684,1.2161496696415217,0.9671983221149157,1.0364200614362005,1.0,-0.005865875762069528,1.2012257160303568,0
862,0.909365040849443,1.17029794723422,1.9718742896792634,1.2790134616005424,0.9716052739680131,0.9859391238827686,-0.03585399992822022,1.0251020199427006,0
863,2.0798618514200573,0.692648952469236,1.0488156579807746,0.7558003415916636,1.0414686307154248,1.77506084314052,-0.0664049045946132,1.3253389428839053,0
864,0.2903971607615752,0.7372719855951277,5.933101485931084,2.3971466894281184,2.581881533101045,1.2728808231631366,-0.6822636737274739,0.8529473096508161,0
865,0.9870561796856336,0.9901196150963695,0.7892775142704505,1.0765649816528835,0.901102466118004,0.8011375804442581,-0.06182506661680146,0.750410153254983,0
866,0.9766107130657904,1.0842992013407926,1.4976782592180164,0.8476176076720376,1.1425579202693048,1.233028516680726,-0.45050994390617033,0.9053280857115195,0
867,0.6975745273510703,0.9115218145562447,1.4580142477719946,1.9235909783303031,0.46918341338695946,0.6908550259617149,-0.027126883811375787,1.0666719201370132,0
868,0.9737887921325916,1.0,1.7687199701650391,1.2456022516471568,0.9023128927070404,0.7798302117967698,-0.02799994172748859,0.7495265809557659,0
869,0.918045603227519,1.0160591582862804,1.0820588185264621,1.1915962268773737,0.7962786542496689,0.8331417745782166,-0.1759748921145547,1.0633382623653318,0
870,0.59232485972146,0.9053564519313736,0.8437997871903353,1.1452026529108328,1.1037618005477776,1.140803865222052,-0.07203038292066886,0.6631051532481792,0
871,1.0258036234080403,0.9782030510725678,1.0400028495367672,1.099303234577692,1.3013072187511474,0.9413118155425911,-0.12645141796520915,0.9651979948043782,0
872,0.8174329320523464,0.9969067794079888,0.5271143884029265,2.7971014492753623,1.0861973836433212,1.1059686427562074,0.11360746078846969,1.1349287523778087,0
873,1.6689687622918297,3.6961173952920197,1.0103769584524291,1.1827575664934271,1.0,1.9727908740005506,-0.09075635294470613,1.0653523749088638,0
874,0.9209427157456621,0.9822903758072549,0.42702987721325386,1.0960138746730355,0.9759784127720138,1.0029774588504108,-0.06811037373384561,0.9935341272189514,0
875,0.6959895825098952,1.1130012497212756,1.1753522910490146,1.279225316961166,0.8464193143784579,0.7823681014113586,-0.12037606537211143,0.9603511054141489,0
876,1.305857994940007,0.9723990347621617,4.416025594060718,0.8792396656360929,3.8819444444444438,0.8340539695769954,-0.06432705692724741,1.022856797522055,0
877,1.2059638608567709,1.2724129719257444,1.6604074693262572,0.8490227760685275,0.9455262409821833,1.2715508078782563,0.04855941734054517,1.0930958009603422,0
878,0.8697069253233208,0.9385049374487244,0.20822772873437326,1.1498126217958327,0.8908484052155342,0.8900543467045483,-0.12052437785678008,0.9334770736539822,0
879,1.1323233418226755,0.9433904980037338,1.037821442362891,1.1863304002974346,0.9294455366238962,1.0126262706137459,0.020932083174756946,1.0108287513275294,0
880,2.829632468224639,1.3149084793340653,1.0479731941660224,1.1951951013777373,0.7296914400739537,0.8797825199472386,0.4335604035526429,1.5335480646785673,0
881,1.071063533519729,1.8350850510306385,0.5300449299462375,1.5292375425255154,1.1583646616541352,0.17544212423908162,0.007354631119282923,1.1324969568764474,0
882,1.687163994915785,0.8991180098173075,1.0197995144761238,0.9729144371400907,1.0476880656108596,1.1897925022623828,0.04105960264900662,1.162719312706015,0
883,0.9278893308697737,1.0,0.9204373995297408,1.1431653382872895,1.9536055815274158,0.8174586625030883,-0.02616316702482975,1.3825118152440543,0
884,0.8632283345779678,1.045360177036396,1.233398872672778,1.1794609981744484,1.0251569603810347,0.9740883256455809,0.018661776784520467,0.8265874179355694,0
885,1.130481052963863,1.1097505132500776,1.7498896181214254,1.177810843485539,1.1749779716573174,0.996901225964914,0.06846077404453038,0.8824974935896788,0
886,1.3796422858513362,0.9422962008025266,2.2689951409577853,1.0829909848225494,0.9504332170087252,0.9913892658877362,0.03768190659199024,0.7980034156476021,0
887,0.9248558741477788,0.9501755503813646,1.2189426031542259,0.9672319852659043,0.9763937191449837,1.1903911488062615,-0.03833265025675643,1.0166427857454756,0
888,2.099840842525251,1.0,0.9605167317451434,0.8051089598703569,1.2615665164048027,0.9759104976807187,-0.03374172940249712,1.5587694630783124,0
889,1.0183790496030507,1.0832302252469652,0.7317632653871345,1.392785867395964,0.8777622955646789,1.130314250839645,0.04447613919168692,0.9713216182048456,0
890,1.4907715631515148,0.8357253511617422,1.319590838931583,0.7410222082217672,1.100525767162869,1.0104534851974618,-0.07129064245081156,0.8361282511177993,0
891,1.634113912826093,1.0,0.898130300576714,1.0659159883143774,0.9995696269512305,1.2901277401885751,0.171908747300216,1.2619479409071983,0
892,2.8683732797860344,0.6941506430037105,0.813505723182465,0.5149346993147205,1.1562230048508206,1.1902542722836673,0.01701317628862913,1.1678304951546503,0
893,0.6434778515245336,1.4479365797881814,4.558707151484687,1.079759195783046,0.5327476038338658,0.9261324227711678,0.03323753592402849,0.8019311094639883,0
894,0.9511742887148595,0.8653872562737673,0.6787077004716316,1.0742340474545036,0.9292314890630482,0.9865472158575729,0.022753543834032976,0.9460178772605842,0
895,0.9518713300977785,0.9800899552687931,1.3563344700543425,1.1312168990077311,0.9455762689986142,1.0266365240904236,-0.14515873852969097,1.039188129652368,0
896,0.7312080951588057,0.9457019614190451,0.9656223077583594,0.9659592241626858,0.9740598268671626,1.1819854240066552,-0.021946485742249056,1.3064717368791483,0
897,1.0163550270235473,0.992542809514324,-0.17031200228697968,1.4184446238419253,1.2512562814070352,0.8353916843039623,0.007031461281889477,1.2274500191099393,0
898,0.9053621483919345,0.9971958873547837,1.4205919924146284,1.2434448081530725,0.939159325362118,0.8747628291288921,0.002790826195081505,0.530592205962721,0
899,1.38936103990805,1.0,0.93890811671802,0.8179921948593728,0.9586720653811993,1.4042667552353563,0.03578730378656032,0.9607967590356932,0
900,1.220668527088345,1.2284371793833633,0.9109658176612973,1.13538731291878,1.044751958224543,1.0228142496988761,0.2120691397958152,1.0885381851457998,0
901,1.0447626043332796,1.154094506329859,2.1891075356278438,1.4701580465607604,0.9399885252241353,1.2565507828198392,0.032908799429996444,0.9141501875588735,0
902,1.3963879419403624,0.8692831876286441,0.848091043549096,0.8747522119615142,1.093497209948146,2.71309707912724,-0.0426873857404022,1.325647452382702,0
903,1.296038729373403,1.421337555936528,0.8226401826855285,0.9639682920970454,1.2703636885932843,0.9661858762942008,0.018582997535307694,1.0717903451633766,0
904,1.5102337059538287,1.4675183803554828,1.1039441171609272,0.714606250744609,0.8972957857403858,0.36460157436891427,-0.08954727613180967,1.1068824214731918,0
905,0.7845300934979647,0.9050075885959892,0.6250380765471198,1.4631775852954334,1.1139133704063717,0.7683567842624011,-0.10366362755902883,1.2380456391003465,0
906,0.9615157167861219,0.996565962581551,-19.801476639603763,1.1189424572317264,1.0857681806899977,1.358255570562187,-0.055773639418396505,0.8052449735460907,0
907,1.326795127769136,0.6463773476463927,0.864042587723568,1.2726339996462055,0.8799917449179652,1.3409560611059086,-0.029652351738241305,1.05631739495431,0
908,0.4774687569412614,3.3896567257329613,0.12526440046258774,2.5020558923966822,0.8735042735042735,0.42821927946712085,0.13132988189613332,1.1963658378387723,0
909,0.9081276731517206,1.0,0.7674393663289694,1.0519182037833696,2.3601858161920806,1.3484293671702092,0.013308751400666117,0.2355901034569554,0
910,1.3184611571984708,1.349768246969882,1.0724109179429187,0.9780213757193752,1.2317709566874555,0.5925157690253573,-0.03191831719376262,1.080603455957958,0
911,0.061623876992767224,-0.3836407763855968,5.267953112155926,0.7785267318037107,0.797160220113994,0.8973746288296319,-0.05949597905367495,0.14515269188476934,0
912,1.1594979438795519,1.0,1.089306269709142,0.9757933335171349,1.1565013203959027,0.8997605686562768,0.08263520431909151,1.1076742553800099,0
913,0.8557678291569444,1.0,-0.6754859584722978,1.2000477440916686,0.6956110380003434,0.865350185919114,0.010087283750587995,1.0515385609432664,0
914,1.1077263548379974,1.0,0.9202791151497095,1.3444902949717257,5.393872364976376,1.0127789503822857,-0.06276528959354341,1.2331371862373939,0
915,1.1724252598137335,0.9001697218962429,0.8953405654384493,1.0295757291238778,1.086701782662159,1.1152337837252586,0.05180296959698327,1.4550030835021528,0
916,1.1609758154905654,2.2819184533465946,0.88637896142814,0.8159492081211192,0.9789665862362115,1.44952786886669,0.08666047663262148,1.142831362478922,0
917,0.6020272530249018,1.9427646341784688,0.823732039821981,1.5455027624309392,1.0086044987988643,0.5156664654649445,0.018232588699080156,1.0434364541318069,0
918,0.4166675319697154,1.0,0.893960905479631,1.3684973930769533,0.8891733988126616,1.023569788370877,-0.12224584612961652,1.070067435955048,0
919,0.6499790609198934,0.9321151977190305,0.9066659419944615,1.3980411046885037,0.8629500580720092,1.2434517258774767,0.03104070513932749,0.857870505160785,0
920,1.1602307763457185,0.8304108137914127,1.466207185616567,1.04148792560372,0.842933124631871,1.389372732798935,0.009087046056287384,1.632802607845526,0
921,0.9536531851357941,0.9999092910504224,1.1222892482685287,0.9225936967632027,0.9323722870193046,1.0120185753664483,-0.08580867364869614,1.0522871370960978,0
922,0.8133732348600732,1.360195165576654,1.0335734073659493,1.2154680566316827,1.0473230236712818,0.9945430772696722,-0.12601109019687642,0.9518359317684484,0
923,2.0917025851966113,1.1275399710089982,0.9627704802906782,1.0646068283639734,1.0932781158205696,0.9797400757671498,-0.10426143790849673,1.0653836574607498,0
924,1.1833524032191665,0.39343874017627767,0.653459612753827,1.330140386256108,1.3036710999221555,1.0563004833764718,0.05801857929576682,0.9791367253132389,0
925,1.6294393975288302,0.5552940933057591,0.9170261207713782,1.1066425666516042,1.3250746223359502,1.2206187293339328,0.12040768399793342,0.8915318662298117,0
926,1.0826610842443958,1.0176925156024972,1.0181687779263737,1.1025146311659912,0.9721569982564929,1.0223382305147457,0.011231670537664227,0.9892650485021394,0
927,0.9220788790295706,0.9143540986968973,0.6015361584300563,1.0594917510137123,1.0350989675807194,0.981868503441582,-0.021627150842070647,0.965837789168933,0
928,1.1998527122147715,1.7832896562088087,0.924906088275816,1.2266628399225084,1.2128272674534715,0.8750525902298084,0.13238789734499015,1.0158048991409285,0
929,0.9161038854900962,0.9340476519310176,0.9557395620754526,1.1918799832144358,0.8924068366489212,1.0467169456484635,0.07612419700214133,1.163018523376732,0
930,0.9917126354080102,0.9273296788496538,1.1682316086968036,1.101545325229536,1.0030934754359861,0.9348235213397811,-0.08614342802023663,0.9603568528717876,0
931,1.2304773174266046,1.0148790283791953,0.9777622027749473,0.9562166713443727,1.0435200631899635,0.9821314174142749,-0.04233817701453104,1.0214911812126317,0
932,1.0058670084640289,0.9288406882938077,0.8625419826418093,1.1557956244054899,0.9629900295414956,0.9352877359352249,-0.05767330808496625,1.0207968159045,0
933,0.9942317550604115,1.0127418914423285,2.097216790733305,1.4825662482566246,0.8322025462545533,0.9296301892678361,0.07071417408970151,1.0028226514516558,0
934,0.960366898950701,1.0012302827394812,1.1171327416336942,1.1319065370789507,1.0181695442739618,1.079537438686722,-0.004224302161848772,0.8224751452440151,0
935,0.9015758537968995,1.0987967429705658,1.0548457433228586,1.1451885389917558,0.9263920853773743,0.8164183854647858,-0.10750143157091047,0.9814005902476983,0
936,1.3908290731696455,0.999591278946993,1.1624643557399714,0.9702822753976215,0.9389619138959125,0.9054237579274598,-0.011163925768089018,0.9816314950510023,0
937,1.7023531353009629,0.9559726031619707,1.0447732027085257,0.6116929867404713,0.9354241542137922,1.237955700611664,-0.04665060644393183,1.089459522373679,0
938,1.5499068164970322,0.9967103054716346,1.3436543872471498,1.1271567640147702,0.920666664560601,0.9654693374163054,-0.12435893803303771,0.9031088124307598,0
939,0.8923062372958362,0.9472414040736135,1.5195920114995267,1.0656243048272793,0.9786141789353469,1.0648391684754575,-0.14766562916851936,0.863528401103001,0
940,1.1089473839875486,0.9994916394199751,1.0420692667295108,0.7423318325977512,0.7774853885409551,2.0360484135494046,-0.09562149419767153,1.105249481028021,0
941,0.7748410253859949,1.0,0.6410844075990645,1.4337085409864239,1.2634924350422332,0.9838867863895536,-0.007443183006125972,1.0486632774911206,0
942,1.1923737945022572,1.0269378026752718,1.4480905542095064,1.4079536810075228,0.4504312467572824,0.9055695632597928,-0.0368599782400844,0.9562225302176465,0
943,1.0007525215014872,1.055132355944945,1.0138009793479887,1.0951911058482995,0.4990882807568588,1.1098677070042586,0.017671687238323092,1.0757293154374807,0
944,1.061600598778554,1.0165562027317294,1.117372472350675,0.7470438523390167,1.0675430102782166,1.3165994814098554,-0.15971230493599564,0.7608065821999621,0
945,0.40463300712176464,1.002655624401877,1.114546956706115,1.3367873558583987,0.9876763708527241,0.9215637225590473,-0.0906884263802097,1.0683536380475,0
946,0.2765245712837556,0.49514530814222074,2.437903833034329,3.472079622839183,0.9288264263911894,0.2755849219539892,-0.0860617698831813,1.0424208641620873,0
947,1.20978027769554,0.78589953878094,1.2719032594726278,0.8644253608624155,0.9996699065564245,0.8019796330948593,-0.06527811810830679,0.8199411438436425,0
948,3.756794096080371,1.4052893482373958,1.005798894096193,0.9998790151835946,1.0170197312674008,0.9060329611792007,0.10460961229229944,1.1854296723674171,0
949,0.8342739911800795,0.8811192404400005,0.85639602168135,1.4059148936170214,0.9973086958114536,0.8757144055043944,-0.0771666144800473,0.9763955147775809,0
950,2.0456654800562357,1.079875436488853,0.2897163310585306,0.9072387543252596,1.1413499322997667,1.0057991853298345,-0.056323783604869254,1.429689155996271,0
951,1.3638215326344552,1.0,0.9871906272397073,0.8632085448392555,0.9169272516267498,0.6351798603070257,-0.08190761334473909,0.7853292420187563,0
952,1.3396920406921047,1.0643153611884872,0.5971803523502088,0.932656562768087,1.1274307855329524,0.8935050334713067,-0.037524413280824766,1.0190428903546098,0
953,1.050088699594476,1.0604748681176022,0.9110978129522037,1.9728712751107602,1.188150818794342,0.8546063185811109,0.06746325039007965,0.8483000973464835,0
954,0.9019235464109097,0.9152121301518136,0.8466023481242507,0.9759424304468266,0.9437965845416569,1.206284236081921,-0.056232016616170284,1.0287300747057548,0
955,0.95848679893054,1.0465398781065023,1.1911722743653916,1.086450010071846,0.9700250046209775,1.1593380549987395,-0.06264900144604683,1.0090515191602298,0
956,1.381998303132044,0.6130168572606891,0.8757478998446558,0.9965196501170382,1.075613422035629,1.4270197599938421,-0.04445879756714571,1.0229488682511794,0
957,1.0113832734669468,1.0825551146184398,2.0265687288468723,1.1182409072050892,0.9201907564121968,1.0389686571247805,0.04817671629551803,1.1164201371653262,0
958,1.0164060446918017,1.3554168871384433,0.8749441031831724,1.2124507781736358,1.0141709756161577,0.88071984165234,-0.010166734444896299,1.100902428184077,0
959,0.9422461887458353,0.9926843280174298,0.786024254858978,1.154535033672446,1.316855547168297,1.051144851695685,-0.016062241184590285,2.1134232304824327,0
960,1.0842800928316918,1.0873941552631676,0.5643801411193711,2.3200028822596916,0.8175393419820542,1.9947850117481694,0.06719622155431516,1.062535140604358,0
961,0.25893643364900587,0.7719651058902808,-1.5645363050441186,2.436000302777988,0.07471795797633533,0.6293992580659038,0.12219952092433421,0.8705726397769391,0
962,0.920650364484961,-1.004768074153072,0.7218123354664439,0.7626733025239957,4.563356442445818,0.6885328572572942,-0.011028694124536406,1.2298248580449547,0
963,0.5225157745987634,0.9391156460537943,0.7469888215681324,1.2898684421626827,0.8184908668000453,1.083156344425597,0.13797649756377184,1.1285427376069908,0
964,1.1563737214040173,0.8211122533666575,1.5147111598768628,0.6637627778007696,1.0265158830771202,0.2905345714828593,-0.048060651187978067,0.9857393048432163,0
965,1.007659627813684,1.0,1.032713137579184,1.0189807013639398,0.9885252814006396,1.108294593387912,-0.11190904603429883,0.6638071051686074,0
966,0.9228561311451148,0.975563156454881,1.3971772309907249,1.1283000246730817,0.8617868259741727,1.1138812904229811,-0.057923497267759576,1.0615211003746239,0
967,1.329402262194787,1.5382413131200783,0.9062507298204127,1.1529335400814973,0.9892474842315534,1.2614439637725605,0.18631178707224333,1.229843115232142,0
968,0.7792560139099991,1.1545032560293487,-1.6142427081573418,1.121966659632834,1.0665941624661515,0.7088228368670393,0.025558887677208292,1.0314131111304699,0
969,1.1388130391003544,0.9660815369270687,0.6058929904713718,0.9914663012333375,1.0565558535558812,1.1190230901750198,-0.011141712568853287,0.9225446981683866,0
970,0.8699935931146926,1.0091502891625088,0.6401505872387611,1.236401918353024,1.1290094437782316,1.0144021418855855,-0.07852259110453234,1.1840007348668629,0
971,0.9071565299367504,1.0203344846365001,1.073578604015151,1.0289222551542194,1.0415339583880385,0.9048986068112052,0.0005981218972426581,0.9527933069983211,0
972,0.9224318634137988,0.9380075009896875,1.0831793773888427,1.0965668218778233,1.0108455629439221,0.8862102118154992,-0.03866106719367589,0.9543893569349537,0
973,0.8563901551948797,1.2964362790224004,1.6422854916569745,1.075679547082296,1.4971778016931054,1.038561871278324,0.012534818941504178,0.9421659275596316,0
974,0.750583947212664,1.1314393476691178,0.6481320936940467,1.6377535101404057,1.0347932414406407,0.9217824906527516,0.003665922856232087,0.88575535026568,0
975,0.6814433457057669,1.0210769505825577,0.9395781920020417,0.8409230686953499,1.293533818606875,1.1089556334973913,0.02688649703607685,0.9132987836458312,0
976,0.8362258177716407,1.0052492777335138,1.050617795507142,1.4065859912726617,0.9810768914564165,0.9224562463521049,0.03297138781009749,1.0192905048944831,0
977,0.5263104496471217,1.1630181034819662,1.0175038299711066,1.2672350791717417,1.1029392962231095,0.9575091009412215,0.005241339877066755,0.759946140981074,0
978,0.9203359123497428,1.0518352189327196,-0.6184835901454452,0.9938460557362414,1.1091014076401662,1.039077755347959,-0.05781951817068191,0.9899369640669662,0
979,0.8992092967753188,1.0175882652993693,0.9891146597517164,1.2095282505634568,1.000493523102457,1.0660466641763995,0.045738422084779,1.1375200119314204,0
980,2.155506666674799,1.2660052237724921,0.9593374920178861,0.9509313529935252,0.9262988144842094,1.06238626697514,-0.05929308975377284,1.3215040508339955,0
981,1.0371675611377484,0.9718522122897645,-2.38934921965838,1.4079025144364115,0.8807285341797619,1.2753937757179574,0.027179338550220592,1.1092761394492758,0
982,1.0842690814029043,0.5172171915064868,2.6605468738606306,0.868345767655803,0.9544248184171331,0.8881736501663542,-0.04964566175062248,1.157899017773195,0
983,1.8034830955571022,0.8693593129833194,-1.556568710045083,1.0721338738176904,0.9962768232245729,0.7333336845876625,0.08073574838528502,1.1367854622642908,0
984,1.1650172388925386,0.9230002981190099,0.31084038544834963,1.1871522314747303,1.0736260530692707,0.7266089360551309,-0.053173801062823975,0.96622720071571,0
985,1.2656094168010674,1.0050969442849162,2.3233381162798823,0.8734958609507012,0.8633755453733806,1.3741645704981793,0.08712850738834467,0.5883477085435737,0
986,0.4864526356966874,1.0,0.8478947401936524,1.2262061797977375,0.7447458426701262,0.8666259186683966,0.04467326574916848,1.014167381150268,0
987,1.2472168244199437,1.065276124015683,2.220402407665261,1.0615448591329661,0.859481862216396,0.9336973446144926,-0.07713948123558206,1.1162369480630188,0
988,0.9518555744959186,1.1251924497242323,1.1444307734277366,1.4505234238074938,1.0438865472897625,1.0822665221467074,-0.11354862430295974,0.9759808106721597,0
989,1.320828464999139,0.055454280219609374,0.37796342969092783,1.1515368120085776,0.908438576349024,0.902238667601796,-0.12297582727059375,1.1048760023681143,0
990,1.745035610312307,1.0,1.2545104881439326,0.5252829798597591,1.0692619327082733,1.7287978916631874,-0.31738862284138725,1.2898666481434877,0
991,0.8846112588527497,1.0,-32.88564653856725,1.1425412293853074,1.0591552947166456,0.9222881335304162,-0.011862450957765983,1.0477138998857902,0
992,1.2675726331736932,1.178218070186409,1.2261329362674658,1.9019717958317734,0.31363259865270193,0.5368389972010172,0.11958146487294469,1.2859425416494454,0
993,1.014044635078796,1.0272164175962735,1.1448359966358281,0.9672995110800686,0.915866174805508,1.1322636708615441,-0.081922525107604,1.0923840418015471,0
994,0.9174760190266351,0.9276513389114858,1.1190541357584065,2.654757755315441,0.7388569678319341,0.37820723227406083,-0.07816237623762376,1.2631920199760955,0
995,1.0694060050254,1.101864509075707,-0.3569688847388164,1.3092921116086806,1.1030709670560592,0.9063922223392084,-0.021155294202015132,1.116889925111434,0
996,1.1132980883175039,0.9453780219994881,1.0518774117420335,0.7190215718311193,1.135764162314707,0.5369998754495899,0.031850251979841614,0.9392867182691996,0
997,1.1773481719246646,0.9583185720312264,3.0690985468320475,0.5119458544839255,1.198309684374138,1.3831513339689112,-0.33071621739509727,0.9393747173869774,0
998,0.9926257933827548,1.1591515429548538,0.9897104871249003,1.0426316515026193,1.0373291282622694,1.1488258543426626,-0.049666590020694415,0.7456476580285694,0
999,0.8953011108496267,1.0556796352802877,1.102956456161488,1.2820675910613577,1.0049412049932835,6.907539247644861,-0.04664310954063604,1.0014279936169466,0
1000,0.5682758517894113,1.0,0.9174221976688639,0.43053058195621774,1.5900856114000024,1.435614164598708,-0.11317358082969957,1.002615028083699,0
1001,1.2148575323325845,1.0278921661309635,0.8120513874237619,0.9742571059431525,1.1390903863879749,1.1409012920159631,0.007055090467188768,1.2353137326713473,0
1002,1.1127736505468024,0.9961667350155404,0.8474033185771742,1.0541354436585195,0.8139399964741698,1.0656668135813372,-0.07164011597094491,1.0811157881632758,0
1003,0.7843560501963643,1.4085724587826225,1.066028634243484,1.1471541306088215,1.0,0.26217216298531043,-0.23281847810684422,1.037705208256873,0
1004,0.9539647232718702,0.8706045663363071,1.4901501333758924,0.9911032028469751,1.0693745169209259,0.8279465474199799,-0.031842885375494075,1.061468708021978,0
1005,0.6388643696068498,0.8673932066429786,0.9773225799354671,0.9157695709188497,0.9968095503508435,1.4145924593055488,-0.13313863940951734,0.8782250486592411,0
1006,1.1910592659825008,1.0145684963850485,2.3157255001266077,1.2308985079521233,0.8038249903971701,1.5219563557482754,0.10469867211440245,1.014315636738085,0
1007,0.8357035460924801,1.0108805642064982,1.0694176115092524,0.9268398134708625,1.225225564344419,1.302563631344232,-0.0545,1.1551858943370166,0
1008,1.273519663751712,0.9165957866762862,0.7521755942459264,1.0320360620763223,0.9487408399711981,1.0770045964085817,0.015142589369393493,1.1362199254927456,0
1009,1.183692226054961,0.822293574568287,2.7700216678016374,1.2266005816573136,0.8134633532557408,1.0,0.3134649910233393,0.9108463321690101,0
1010,1.050115825930066,0.9884654486117505,0.7468572127834802,1.0987404986597142,1.0055105001124662,0.9417264148022063,-0.037675114476130034,1.0240396600178518,0
1011,0.9274676034244175,1.0,0.9312666568094358,1.0277806500534243,0.9830173093558713,1.0565848850565076,-0.059585695840116776,1.3567825387352894,0
1012,0.769790792373516,0.8504544817695017,0.8852481800957326,1.6165617538528327,1.2648391507177932,0.6284943940919769,0.015805743917032305,0.9063726404776304,0
1013,0.694252665643333,1.014834182867303,2.0073557745046497,0.9559891982254227,0.9533882912293412,0.8582276521691512,-0.266143977191732,1.670846872219374,0
1014,0.9043267041203861,1.0880632405990194,1.0661090817947667,0.9462608640285252,1.0431698796177675,1.0498880079032185,-0.1294874167283494,1.2738145461397945,0
1015,1.0297999319714493,0.9510485803298635,1.5874300821835257,0.9100321641905346,1.0921529217176478,0.9567208725458475,0.03163217309501411,0.9111255595871338,0
1016,1.1787751807131333,0.9814948568980871,-0.7435487558319163,1.006473153447806,1.0289279663732889,1.2446901822028758,0.012895417744762537,1.0698694288332309,0
1017,0.6828545618587641,1.0,1.139808032066387,1.0894678492239467,1.038660423945997,1.7754599832578053,0.002723581261760919,1.1645534590027,0
1018,0.9710622340471258,1.0049485817015444,1.0125574151404948,1.1058517849073655,1.4377882054239863,0.9401827530069279,-0.04051720971237557,0.9999820888375843,0
1019,0.8284109353228755,0.8763441322442249,1.1546214446026772,1.117370712703384,0.9888227513227513,0.6014815982171989,-0.033073256975939734,1.2510792503318577,0
1020,0.9124582795738004,0.9250742065080833,1.2267640688151304,1.0099843993759752,1.0213890634745455,1.0961979787280993,-0.14146173293495748,1.1868718121022868,0
1021,1.8644896374773032,1.0,1.0960676776454963,0.3893204272898646,1.0061268835332258,1.4692911342311135,-0.13605418548106982,1.3454421759986879,0
1022,0.43036544652833203,0.8386149735091928,1.0829327326089941,0.4598380874075011,1.029480782833127,1.0,-0.15033006601320262,0.8480202627598389,0
1023,0.7687226747237527,0.962817957701967,-0.43741449986175696,0.9785018701351216,0.9100413632095821,1.0698753185371395,-0.045014245014245016,0.8797768109167783,0
1024,1.0238435479639543,0.9156801883938547,0.8373542347484,0.8214458036499871,1.1567068583135565,1.1004986524773688,0.08923784624549094,0.7038997322075555,0
1025,1.0976288258003721,0.9289800474758446,0.9532532942175613,1.007315034136826,1.0433118337207745,2.2702051515880615,-0.06237325832406619,1.3081765821888005,0
1026,1.293642286615113,0.7172821854798477,1.0934693556765747,0.6190710827370495,1.0267233927676818,0.6096706462462126,-0.0010667479427003896,0.8691063610620371,0
1027,1.4967430282419236,0.8293340065497917,1.203205801728132,0.6765878163250867,1.6462866104007385,1.2247801522236825,-0.10528547201808931,1.009242445256236,0
1028,1.0349771580799771,1.1455131979431792,0.7428934979417855,1.291334683772226,0.973590533147492,0.9601633092255034,0.040713790713790714,1.158963732557757,0
1029,0.5688676398462716,1.0,1.2065591069008315,1.1288633410764202,0.8379697162023719,0.9331821454130317,-0.0763904317559061,1.1559089242418912,0
1030,0.7961170694609586,0.8116681373173029,1.232720364399575,1.262053768179815,0.7116467733414518,1.0655298568330072,-0.06562510087478615,1.1980265975830222,0
1031,0.833994636652284,1.098364762699966,1.0002334457401456,1.005588555762539,1.1161460381765809,1.1374787529985206,-0.10752130098179144,1.0256883947558835,0
1032,1.25600709356359,0.8523305986116663,0.7149938367122145,1.0932034366370051,1.1245221212423848,1.0156457406688126,0.01976623217673338,1.0562031563973149,0
1033,1.3079158392584433,-0.04305623303792607,0.6649419196007141,1.2127505639017748,1.0,0.9091433435551907,0.04923776157560838,1.085227340957942,0
1034,1.0227238697973138,1.3469086458612414,0.7670802829238351,0.7131559126286718,1.4738644594447896,0.641692946157128,-0.16179359041296834,1.045571520979215,0
1035,0.9143296953290799,1.0266715308370862,1.0380166637252641,1.3225746355549346,0.8489255689477119,0.685766020157714,-0.08220333875730729,0.9881715245903022,0
1036,0.7291949514158481,1.2700158522909424,1.1486072828635778,1.1254780114722753,1.0876156217882837,0.9294408673064075,-0.05684265483260458,0.93309336976827,0
1037,0.8873319926882783,1.0366949390556353,1.104002566982192,0.5413040978265036,1.0906802507836995,2.453668358600346,-0.025518599780592403,0.8600367315975258,0
1038,3.9038639501588186,0.8948302132875425,0.9048711312221285,0.38505817680839166,0.9938687268650837,1.9045725498783994,0.11098008417602563,1.372739996394274,0
1039,1.0834314125203066,0.9605269898335999,0.47644382255389783,1.135083974384792,1.0630179381816396,0.9761727364593383,-0.10843749999999998,1.9699451926429565,0
1040,0.9510799707712673,0.8145685804953983,1.0132577883051233,1.1211964314162814,0.9876683785747561,1.0084857819875306,-0.05124661714746358,1.1108222750038295,0
1041,1.2321913980891268,1.0633013389658128,0.021349315639299697,0.9649564108748838,0.836885291350778,1.1039609037575013,0.03328901887795799,0.9985262359605258,0
1042,0.9182933686685817,1.1248557939394783,1.145731919911612,0.7679488235455618,1.1599309421207509,1.3021701047513494,0.031141868512110735,0.831366541425007,0
1043,0.4553090674133103,1.1847985904368359,1.893734777367946,0.971000348553503,0.9054545454545455,0.8337008433928529,0.06230440967283072,0.53891807300258,0
1044,1.2388486127360858,1.0575840552630797,1.026932926534641,1.0002881014116969,0.9294041052576107,0.6315421897346258,-0.0759125551544324,1.13225813145015,0
1045,1.0632268094239383,1.2595639332779227,-0.27525175813631136,0.842002916869227,0.8078911107125943,1.0,-0.08939221117810005,0.960064816869949,0
1046,1.2201786022569683,1.1287619750145799,1.0882896679399952,1.02606696577552,1.1893100043735254,0.919663525979658,-0.043786925862397554,0.9935365195962332,0
1047,0.9807814335414353,0.9926697402803407,1.2881608143687202,1.0401293768099589,1.0231665133784866,1.0444299078746786,0.03319691599371507,0.9163067784264999,0
1048,0.6495387635127321,7.1385580277261225,1.2089614166112868,0.4980389321669348,1.0,0.4341351694645108,-0.000414479137883393,0.4536926332899564,0
1049,0.914700957180823,1.0117096376129768,1.4364826190779958,0.8108370614551449,1.1164755399429007,1.0269970531845736,-0.06172916021072203,1.1398709010065573,0
1050,1.0517048343744926,0.8726248498010214,0.8761431850387245,0.9924608614097108,1.0698038715670695,1.5376797371677262,-0.030608447559387207,1.0077763565870073,0
1051,0.978006201434043,0.9502078902840776,0.8971953086300135,1.063398566169347,0.873770679527941,1.1258084566581006,-0.06359639941385808,0.5066310520669252,0
1052,0.92444076762133,1.1299915563143785,0.9269458720050097,1.1035704222517408,0.7780541448394449,1.004507743493289,0.06479440237707275,0.851760940555585,0
1053,0.8872777769409483,1.0301135681121425,1.0548932153759323,1.0639372280919825,1.211282445114929,1.058318312620561,-0.025830575493187777,0.9962276394312496,0
1054,1.1732529805809464,0.9939213002481188,0.3172073581398107,0.9069952305246424,0.9847384365496287,0.7855258433631496,-0.05644336486832013,1.1031130631005013,0
1055,1.0282958448061246,0.8992151793383885,0.9680933704693159,1.1577409931840312,0.9736512305820154,0.8679920548288389,-0.031120331950207466,0.8726710385455865,0
1056,0.8877125803330416,0.9242608526075341,1.5295761235651815,1.1360083160083159,1.1502956193477287,1.1174270247901703,-0.20481384947066963,1.1430179489954408,0
1057,0.7556314608954475,1.0292729533141554,1.4228431681958453,1.422001145893015,0.7368425534484374,0.9642904157818944,-0.03667870514562142,1.0728437473248553,0
1058,1.7095876639689371,1.1926296085430461,1.0091889354542216,1.066580402305611,1.0521752365636745,1.004520225935048,-0.2796885660392503,1.0912620608978991,0
1059,0.8496172612240206,1.0813842926134114,1.5252052832051732,1.0749346845063732,1.0859962747861216,0.968433052639261,-0.035267206274194364,1.1514985530458202,0
1060,1.669861593013399,1.0,1.0487378110342382,0.6681663123547733,1.0540064961268,0.5276266797092998,-0.015932196269534533,0.9371018010770199,0
1061,0.44189183692837486,0.8517693729868981,1.0412525333137588,1.2418887201435869,1.0227573651108905,1.004560062657852,-0.016079795541672583,1.0523508838317182,0
1062,0.8968587447724817,0.9249659943012428,1.1312096230679445,0.8061864330503136,1.0304912533155786,0.9988763083073967,-0.2136107695294803,0.9220472721877442,0
1063,1.0797858068747623,0.852190658568557,1.1595786933365613,0.9993659082431929,1.0691794463363244,1.138891419000929,-0.06296904315197,1.115337887746469,0
1064,1.333916408828753,1.0390631856527106,1.288630296720928,0.720774123697388,1.3271924260440633,1.5117159439320942,-0.013371524761077325,0.7394120352248567,0
1065,0.8289949809615365,1.0880068303070467,1.053445859298037,1.0977664010569341,0.9853131113679924,0.9647206362437305,-0.009632224168126093,1.04580292949361,0
1066,1.0711128083591825,0.974986776939722,1.0077402911769464,1.052683738999445,0.9943229828437663,1.0254620067687286,-0.07374277299007308,1.132963719272262,0
1067,0.5511651469098278,0.9879325832072617,0.9491908146363237,0.8749999999999999,1.2914810603479605,0.9504223283143589,-0.37134683779186634,1.046087435778495,0
1068,0.94346420499562,1.1830181668510835,1.0038501193457228,0.8909599568558717,1.7511073526332999,1.8001887644379981,-0.01648406275476725,0.9038513205606821,0
1069,1.5048971771135333,1.0,1.3860552962424333,1.16274457958752,1.006674120554699,0.9637736333210194,-0.020389080803096017,1.2554955901576876,0
1070,0.9256466628057135,1.0989114721070448,0.9392358871431052,1.2537114579368103,0.9707671865165396,0.9441678102983079,-0.08513197933621117,0.9692376078186702,0
1071,1.5975589759306577,1.0,0.284496422533459,1.2344365272829554,1.031705265914321,0.8377027787463361,0.11150913711726976,1.1397632675092615,0
1072,0.21390313390313392,0.9828482016649898,5.333852659685578,1.1687533297815662,0.7702490643015696,1.067601876851705,-0.09370131315379479,0.8649752587964383,0
1073,2.8009743266105054,0.8172344766717545,0.9614932611175012,0.3758026456918127,0.8396760107499995,1.6987449781457602,0.02293681578832675,0.9707880893119641,0
1074,1.0659231023081561,1.096873010112931,0.9006954456558953,1.1404035133489867,1.3383332833388326,1.3038863036930084,-0.07562816411466908,2.18551770596641,0
1075,0.9336359705747913,1.0933499772153443,-0.20542740180378816,1.099490118410518,1.1844258866129191,1.49120405595572,0.02964002642007926,0.950607348528098,0
1076,1.1728697022488341,0.8906654646983388,1.250492390091022,1.2889782943426216,0.8533637612352608,0.9484922516380331,0.019835136527563114,0.9967073703400358,0
1077,0.10821268912523416,0.9355672148053596,1.4508944989326826,1.0997202915748432,1.0800110473871642,0.7423934313367934,-0.2823154540626659,0.7370634028661174,0
1078,1.3394029074240337,1.266953506738181,1.228406626032285,1.243967957020195,0.9904203197524495,0.414905407607445,0.010451809221406363,0.9910851992472088,0
1079,1.6432651949088786,0.9265461331287602,0.6305125166577572,1.0962709284627095,0.9289567081679472,1.272169881489562,0.02331824806320473,0.7944415481717262,0
1080,0.041079857493794295,-0.8476059809595198,0.9419431956099027,1.0819035691922354,1.0079051383399207,0.0,0.00604551920341394,0.4998221906116644,0
1081,0.42547448098249,1.035439543381252,1.1958232389048746,0.9754957400286511,1.235672262739575,0.9556201545309967,0.0693869875893193,0.7222343569797186,0
1082,0.9860571621725902,0.91514849802868,0.9619822917570756,1.0825964882873067,1.1051684573608014,0.9775688971253956,-0.02203421346225363,0.9606790949727281,0
1083,0.8427824228550344,1.3094410296711252,1.00780132954532,1.0657133410481072,3.1284200633052315,1.0359692426189955,-0.036093384470932736,1.048987480848399,0
1084,1.3090874211423436,1.084121936228175,2.8896376547657705,1.220160908660672,1.012897203396358,0.8727418561147756,-0.07608695652173914,0.9077583954509314,0
1085,1.0293993335227678,0.9563069549729472,0.5242425250232029,0.9746237047122003,1.025778442877201,0.6314073959101314,-0.11872458633600386,0.914339324460129,0
1086,1.1672414085900302,1.0159621243198669,1.546319818446634,0.8413494639520015,1.1517875724174491,0.6324931144764074,0.006105973873477176,0.9221500872975571,0
1087,0.7655701952911792,1.0967262005869007,1.2416357563773048,0.9079198810956188,0.9948926180883798,1.2617191560128886,-0.11646230799876056,0.9849394075548344,0
1088,1.0725735917911052,1.0464274796315052,1.0611330836909978,1.064932906817332,0.9593361595194092,0.7113004134791077,-0.008174284750084361,1.0217711352970085,0
1089,1.162576632733339,1.1633367202290963,0.99051123802407,1.1768816957101476,1.01553961238222,1.0202639155524986,-0.03524657055143201,0.9567282641737245,0
1090,1.1036062306370211,1.09058873402042,1.2684045989927157,1.164859693877551,0.9950376933637197,1.1247741582261155,-0.04262295081967213,0.8877371665448388,0
1091,1.0805187665151321,1.126923314423016,1.0985408068612241,1.147659497560094,0.8728820256778257,0.9979433340063261,-0.08676232482831779,0.9549637113032498,0
1092,1.6739893681967446,0.9632251294176172,-8.98108674415081,0.9874426560920614,0.9960877387742603,0.4690478904059628,-0.009680158505519388,0.9163041969799209,0
1093,0.9115551540380797,1.0527253450062732,0.755336168306115,1.3415873015873014,0.8727556610844823,0.8646698215013997,0.07510178944127006,1.0684249936475287,0
1094,1.1659018622706068,1.1161774774338435,0.9995144114145658,1.1422130038777165,0.9463387846858752,0.8986196890203756,-0.05308445856499869,1.1809973466850843,0
1095,1.2197888292812722,1.0702428646286688,1.3716137036053913,1.2067321445599313,0.7073286569353429,1.3707887805933576,0.011611763221002146,0.9561655938407171,0
1096,1.1886186595379549,0.7599242425311047,1.2265152277912252,1.0984233158146202,0.9616836871028079,0.8998098263147779,0.05991608046402567,1.0698283342491504,0
1097,2.7586901440528377,-0.31780604293518255,0.5752613514921879,1.3989406189015892,1.0499905360785717,0.3534856932624968,0.1564992389649924,2.210527173426448,0
1098,1.213798129937433,1.0573993498112308,0.9089123387392644,0.8088283024991886,1.0233449411418716,1.0253740296594154,-0.02924482055780593,1.1620501097021994,0
1099,3.6186573536396858,0.8124706354963133,1.2609427523767303,1.2376503329688897,1.3261156634444842,1.49991752891246,-0.14754453017956298,0.8998947786858557,0
1100,1.1208232901005526,1.0717371330385328,0.8684713042191702,1.0514836418970326,1.09114742350085,0.7263862598794203,-0.08942056074766355,1.0708895337623399,0
1101,1.0980417923380017,0.9980386438938539,1.6428380471681459,1.2145653876272513,0.7958680384889304,1.031540644893543,-0.15588278495887192,0.7656867860898402,0
1102,1.035813609935844,0.9881374115490126,1.672435535389753,0.8040856031128405,0.9343537047147559,1.167647928596392,-0.1098144123056345,1.33815358545021,0
1103,3.068487862980159,-0.1612567432261034,0.21619167477684567,0.6221601630311722,1.1321337983513,1.8545805765264698,0.0038307653017791775,6.250429981699572,0
1104,0.7903532162737266,1.688416896530353,1.031617105186434,1.6946331992788795,1.6350535789537057,0.6040650209666953,0.042814165831002275,1.6535724487609496,0
1105,0.8209181307507576,1.048567446628287,-1.0293460277713682,1.066384427374302,1.0208577811282324,0.9634079021664076,0.27715883984393364,0.5318783012260107,0
1106,1.3282257554533101,1.0,1.0551366648983986,0.9649782350613375,1.0152688223840047,0.9211491581801197,-0.08434077869159438,0.9257241150110121,0
1107,1.5255456110096464,1.4362639131433013,0.8682014372616136,0.5661259919480579,0.9673525162555306,1.2351116212977786,0.044217220524970374,1.124811774143325,0
1108,0.9801112239058539,1.0227204336265623,1.3100745197380481,0.7270090887347523,1.0138594409292823,1.2638510069114175,-0.17756426653024684,0.9571363384003515,0
1109,0.8191998768369296,1.1552875599706138,1.1380200198263402,1.2175830785424289,1.2830247454393242,1.0039764977339662,0.03665204184947688,0.8238953612190081,0
1110,0.7804569304294264,1.1566129144089792,0.886926256182879,1.194548317260382,1.052214967719416,1.0022597572008032,-0.039057832901886046,0.9837933479056127,0
1111,1.0891673881215365,1.367118817702091,0.6746082732815735,1.493097497842968,0.9578313253012046,0.8644138828656837,0.3270683618942325,1.0372640494841048,0
1112,1.0279310004959985,1.294481449297545,0.9134274240130495,1.1287471355749894,1.0611106515565112,1.1096597395901342,0.0024160425223483926,1.0507744216154176,0
1113,0.4956294160960469,1.0,1.816841429832523,1.194145906592046,0.7915342724713529,0.9351863817540328,0.037800413815056506,0.8595498353765041,0
1114,0.9064775809899434,1.1173151964085868,1.9521018755712622,1.0035469871473877,0.9016310526401795,0.98445994047294,-0.08813599062133645,0.7524819852964634,0
1115,1.9043335993186967,0.7372167188248662,-0.1426434551939416,0.7448209460508743,0.8481803504934511,1.5061269124381589,-0.12306648575305291,1.085614268170854,0
1116,0.9336058053215447,0.09832666431245905,0.9618147093495619,2.14223175198785,1.0871647509578544,1.087590139446007,-0.042273258077072794,1.1587106325160226,0
1117,1.2974766855481188,0.9809760951849121,1.004023141307541,1.2429639630283518,0.9972322713423725,1.0374183987352765,0.04045134243154045,1.1421736974927528,0
1118,1.589351586425604,0.9739212268275169,0.8482395268896544,0.38154258972352223,0.989952112975289,1.1939380656271128,-0.4439389015274618,1.2469861906146955,0
1119,4.952641758670799,1.4696724033266193,-0.23622619298765538,0.22198949955317246,0.9383920677177924,2.542638917370312,0.036859868658955255,0.911416102169676,0
1120,1.1272750454098204,0.8362024013935003,0.9392659961540613,1.2373561122975154,1.0026964638228755,1.0030929255929788,-0.03814235556974146,0.9759218492019813,0
1121,0.9213485380794216,1.0840856482622645,0.9005508240102271,1.251382816203972,1.224908854712316,0.9713996905508251,-0.04995354598947043,0.9469774186916604,0
1122,1.0758859776208607,0.9877970299796445,0.9034238681211219,1.046623652112427,0.9696969696969697,0.9355480020830695,-0.1210496292070736,1.012344726621731,0
1123,0.9152454210650804,1.0827815150922289,1.1533939603043348,1.0234510211145726,1.2431433726151528,1.0064576603956197,-0.13730127447116017,0.957685352952434,0
1124,7.117657580754703,1.0589963643543698,0.6875815440378682,0.3674065511801184,1.0221280873135783,1.7168931028278602,0.04337027623311443,1.5066724492987968,0
1125,0.9804350472926296,1.1247398453380506,0.9942137671993923,1.00315874845264,1.1866040983539534,1.9170215342718646,-0.02781581650119822,1.0130649480382117,0
1126,0.8995198271279478,1.0279069304135084,1.132496665448541,0.9072449138064916,1.2420107603952644,0.6039661365313804,-0.030028615930742207,0.8787939133338439,0
1127,1.0844452341648507,0.8072458136097926,2.0713162081118397,1.1620881855280183,0.8606815474727845,1.4905433844986753,0.04944901659924676,1.3826330691196065,0
1128,1.1300943205282763,0.8287790273696416,1.244671917491185,0.6861500484880543,1.0891177523162479,4.296371321157016,-0.012305725358584036,0.885743583858544,0
1129,0.7286725848295278,1.0417374242198911,1.0418732054925013,1.0708220498462386,1.0704841554762414,1.0019029260229992,-0.09064225312740232,0.812136679936639,0
1130,1.241264778195254,0.9017853208467136,-0.37011585321308355,0.9891429301315622,1.0229239555744476,1.137348269628099,0.02167597765363128,0.8414007123325887,0
1131,0.8010308585083897,1.1369283631119904,0.8686253030574153,1.3941123460498648,0.8288366069501403,1.0751217070244679,-0.02821205230244457,0.9149581727130659,0
1132,0.5999430841814833,1.0590425654267095,1.0928746929909599,0.9453772929689097,1.0587622798678076,0.9107460660160472,-0.0014549989607150265,1.018645717201111,0
1133,1.0578765745337375,1.1106874827657534,1.4376327332376844,1.2337960491190605,0.9992050572374828,0.7118495428682471,-0.1631313988347757,0.2938378421102572,0
1134,1.2433064093347979,0.41996347666492395,1.55466048650394,0.5035009270367543,0.9962321187186955,2.398590037956671,0.03170409511228534,0.9464211909331346,0
1135,0.9196003451820353,1.220413706634702,1.238356355382721e-15,1.1108277189605391,1.0336792437929245,0.971929309352667,-0.050195511730703836,1.0450231496075284,0
1136,1.283846965275983,1.2293211063208216,-0.7635950025276257,1.4509272107985367,0.7581653250322234,0.8386985825015062,0.20064076892270727,0.871858565079858,0
1137,1.1346360063145173,0.9451555592927973,0.9323543086149411,1.2052990556138512,0.7125868435876573,0.9081362792277102,0.07837456580763572,0.9032280377586563,0
1138,0.6271921294287672,1.0,1.0805562196179184,1.154399557277255,0.952868020846683,1.0922297719788239,0.024165345660039455,0.9096821905471076,0
1139,1.1357887871023724,1.016460191191905,2.234544811945924,0.9708795646813757,1.098867050681857,0.9947469313534875,0.023969408692408132,0.6373072028568264,0
1140,0.7269365282010369,1.017750067465822,0.9087562966972818,1.453445420965482,1.5594727226789502,0.8793291670868586,0.06962944258569534,0.82538107269339,0
1141,0.8428661878895091,1.0,0.7872717006724143,1.0551905995558846,1.2476085998047217,1.047303781487656,-0.013814243591500332,1.1993203093525109,0
1142,1.0815342228155351,0.9175988668980626,0.5387799211109318,1.287201538983818,0.47909590251909856,0.9203369130869132,0.06797624486066697,1.1062857086991376,0
1143,1.167434470548544,0.9880147959284962,0.885457595539835,1.1412160128423798,1.0807908225530873,1.0414260316343924,-0.05814843152257077,1.0627851567087583,0
1144,1.0386371365026235,0.7346974210916587,-0.7975879619384771,1.0849601451004725,1.77910174152154,0.638095044720358,-0.018588183226377515,1.1675481899248217,0
1145,0.9269257403977328,0.9102722107651505,0.8525775107245961,1.0650124302265584,0.5939650589820227,1.8019490559634381,-0.10333003626772172,1.0133441357176114,0
1146,0.9593330859408764,1.0511913569372109,0.10480568688525974,0.8244725430893123,1.0340041964909332,1.0783972351093505,-0.13121123464014045,1.22816392184929,0
1147,3.0186277212835204,0.7891089582424486,0.8169115407924247,0.2563863847952951,1.3698470853481741,2.0275571852039374,0.11076533572445804,1.0585381185371425,0
1148,1.3418228371664274,0.7616328332549083,1.3082302178171972,1.0444722106529687,0.9958875203441956,1.1506102346935152,-0.027855559444638897,1.115708225052997,0
1149,1.1186166909105038,0.9779927112109852,1.2608429738813125,0.7952636408555093,0.9965202295458916,1.210987322589157,-0.06768753816524967,0.9598134564505065,0
1150,0.904650430311646,0.6592771804062129,0.9709917070254562,1.0972222222222223,1.066031537450723,1.297339188840093,-0.03453343130051433,0.9529643854284124,0
1151,0.9782660576967985,0.8435270262947152,-0.5587419505334608,1.2264254385964912,0.98878802937314,0.9674818420804402,-0.07202151291944346,0.9998850342625707,0
1152,1.4157494136394573,1.3150297550802024,0.7591209040108943,1.3915730337078653,0.9367712560625558,0.9923678797316262,-0.07052162919804321,1.2196670719681881,0
1153,1.0577012470279976,0.610815472462031,-0.40480327941898464,1.196884233145313,0.6374031007751938,0.9308947327499684,0.19783451410239272,0.92317609412979,0
1154,1.11666490038469,0.7557621995956664,0.7153635769705592,0.8445784503356469,1.0114892902771022,0.863815253796419,-0.044337726155907975,1.1489157823807612,0
1155,1.0631395310939313,0.7014772798846014,8.467228356226666,1.2199254304200022,1.0829103657579406,0.6688280919998862,-0.09877093549003375,0.8792528332050565,0
1156,1.9400934333530584,1.0068461038013348,2.7547592079969188,0.4475506125991563,1.0913771958472211,0.4965298135369845,-0.2400549938368976,0.980888059586632,0
1157,0.8999131905242188,1.1539896540097654,-3.7357517221476764,1.172952643288484,1.0085361609306382,0.932611078291062,-0.02677340684975082,1.074410086820016,0
1158,0.015095984629542925,1.0436988754259928,0.8210165257015746,0.9162210338680925,1.145947019410099,1.048071224263664,-0.06697626418988649,0.7853167817548121,0
1159,0.8148896874617261,1.1363375673257845,0.984863784197699,1.3363245013035834,4.5364589645171085,0.9367378305677989,0.0160921418068943,0.9185206295095004,0
1160,1.120172756309671,1.1387606969916766,1.1490207612993455,1.1689526847421585,1.0091063249931937,1.0,-0.05577042448550827,1.0285872138758545,0
1161,0.9692744177614178,0.9868576255339364,-0.558969689228941,1.1313568046119005,1.0904099518126935,0.9830425142405442,0.05380262368172855,0.9310735670083079,0
1162,0.8193914280061179,1.052879181308441,0.7694767110114186,1.3513195390905712,1.0608933389345798,0.8276972099989071,0.07584547898684024,0.9848175288332176,0
1163,1.12829451957013,2.446326416152552,0.63191850923851,1.0968666700196148,1.2634200223359728,1.1729558423961435,0.11584385301921683,1.2032114888967789,0
1164,1.1039168357047258,1.0467340270183545,0.9793692209277541,1.21050873872871,0.8473222056362237,0.7321919767845828,0.02303215926493109,1.011505928271897,0
1165,1.052354944207554,0.9344697705465751,1.1740931538127162,0.7846337148427628,0.9732787666840911,1.1887422820139555,-0.058750266884919224,0.921224144616899,0
1166,1.0726293798174422,1.3051912355009185,0.7449219500911803,1.245109321058688,1.409103870361999,0.8729807924134051,0.07220004695938013,1.4616107067386708,0
1167,0.9978624432282004,0.9500673711412909,1.160135874779926,1.006324698879226,1.0311863678032238,0.5996556345423574,0.04373302844076033,1.5705837369705502,0
1168,0.988924458998782,1.0,1.405093964829375,1.0325234360053568,1.047745130436379,0.9937769845732012,-0.06852450858422493,0.7687028161422745,0
1169,1.20972747321609,1.0613559908500534,1.1038544752781674,0.9913638660480499,1.0370194972315356,0.9927000749483491,-0.05242912095740135,1.034451439768263,0
1170,0.9915594268455742,0.9859035354560713,1.08708012563799,1.0672523327377408,0.9778253535746724,1.1612941957359013,-0.12180466442611265,1.057927786618085,0
1171,1.0404828891441877,0.9508335265807054,-0.4743720451110517,1.1632476319350473,1.0477259802563466,0.6697465892312646,-0.09753479277690448,0.9453100139610373,0
1172,1.0467741827949104,1.0452713110499037,2.2221037820157177,1.1754347468319708,0.8126966566495383,1.2046495590209516,-0.01218310954429986,1.134544941185897,0
1173,0.6290123336163357,1.0121635914264444,1.5531648581781246,1.356161770316673,0.8503640847624878,1.1622904234443834,0.06506453982579494,0.8533762669121737,0
1174,1.0132669404507262,1.0562065718020681,1.2560866727581255,1.2350069735006972,0.996631871828079,0.8468278980682612,0.019222903885480577,0.9371826232553272,0
1175,1.1120641073731268,1.1459864217933842,1.742541415160753,1.0878263992202328,0.965200597602303,0.8265766892050591,0.010117891503681283,0.9465195948063163,0
1176,1.5976990264235063,0.6006802812231937,0.8068983257129699,1.076466642588102,0.9056955486681938,1.6846908596752814,0.05754152823920265,1.1445738748119867,0
1177,0.7098662735437766,1.1931707561629081,0.9148867551171888,1.3236828709595319,0.9586014957560859,0.8102810941942824,-0.11195779601406798,0.9248138226149989,0
1178,1.3733313512526557,1.0311076068204643,0.3989209592422186,0.9702115682319276,1.0394830536586508,1.2937861119963423,-0.10092419624422376,1.7654865928118502,0
1179,0.7520757355010408,0.5692598157669749,0.9057067812260372,0.7594374265569918,1.487598134371175,0.5490959939563921,-0.03177030241250423,0.710962533747508,0
1180,1.7582891364368354,0.8088429831474367,0.7744823433166435,1.128743169398907,1.0763537740185716,0.9174762990809134,0.036617339910234185,1.4861758094246185,0
1181,1.0341687439703118,0.8387737514988055,1.6220564415809913,0.9972328753823,1.1185190923164834,1.5893034611095904,-0.06892089569033419,1.1693070133191446,0
1182,1.3035102819731268,1.1312808644240062,0.4041384563268533,0.6892182563688914,0.481720493620866,0.8940446634341189,-0.002354794940254738,1.0763706512273694,0
1183,0.6380153939708763,1.4697450773224112,1.0816797509263907,1.466786355475763,0.9961626857095953,0.996422182468694,-0.08973919011667811,0.6629158997317028,0
1184,0.7481052977029682,1.055325626480936,1.0217641045980974,1.1133424283765347,1.1485321830149418,1.1153426026967836,0.02141615299510036,0.8759474321139677,0
1185,1.1217715864607016,0.9979041272570935,1.2599688955042607,1.095926483233018,0.9895455879342957,1.1272356232411693,0.023229540364299445,2.0547804282263575,0
1186,1.5494717967551686,-2.540481036500061,1.0839147001921052,1.0546473610462401,1.0389027646358158,1.081442558590477,-0.0967751740068691,1.235068259323425,0
1187,3.7776786150781527,1.035286641570634,1.0176427526176457,0.8377787855052151,1.1482547367368783,1.0777458643987143,0.15689855553710777,0.9864381123816146,0
1188,1.0507686706212163,0.5250792167725099,2.84603528084653,1.0129682278417875,1.259174080574553,1.4316952301599968,0.0033063637778123537,1.00250037634726,0
1189,0.662784471334889,1.2226118561808497,1.0424984662488377,1.1838852611940298,1.05825010687321,1.0897254424881726,-0.1080572503849005,1.4060760464347928,0
1190,0.6736951906671816,1.2409322455870444,2.107096082654262,1.0936285097192224,0.9385021262964658,0.9581188471627717,-0.01752499731211697,1.0267214556305213,0
1191,1.0575790340606586,1.1015044397893683,-3.0773637234632507,1.0900215749730313,1.1432989841361585,1.1748688654156945,-0.03409812919166961,0.9041572324970766,0
1192,0.6774437460407453,1.1732276755282895,1.4580970736663368,1.406441717791411,0.427062792215691,1.1263200543442111,-0.1011701833594398,1.1665117190191225,0
1193,0.8123895669268305,0.9940359154462374,0.8767760930166453,1.1999045232127938,0.9504412366314068,1.0522465708077144,0.04111311573998142,0.7880885332007445,0
1194,0.9233102246996684,0.9472955375639153,-1.0696458580808366,0.9814552037970348,0.9834101311172241,0.967620822691119,-0.04418094696662065,1.0891743384362296,0
1195,1.4245196679936265,0.9002904861557219,3.6167390063253384,1.1430526255772848,1.0193108469742085,0.723860957053326,0.06525130570440209,1.002331056533071,0
1196,1.6825078427063997,1.0409485133450707,0.9307165189020692,0.9137450290259177,1.4981296271802647,0.7817122847137855,-0.03114220952005519,1.009992180883153,0
1197,0.8425296159290074,0.7764006221929584,1.6516814663594643,1.15902105202111,1.0354603515514609,0.9829334025835834,0.02310786790158106,0.9823640838374531,0
1198,6.088404608923805,4.594123852436016,1.0423514153293991,0.15405505493148994,0.8785013313091394,2.0381681315385767,-0.17006062957146342,1.1169987538472745,0
1199,1.2486766845402688,1.0380707967851914,0.7277286612054168,1.130373142792333,1.0765764914799563,1.0348895214061447,0.1447404559187037,0.9598496074135044,0
1200,1.2290447440614167,0.988768162865354,1.0005192620531342,0.9189650401254498,1.1392196278542341,0.9284638361597928,0.05297053614554822,1.003084682506941,0
1201,0.5711587484690535,0.9601200531941338,1.1661061651115456,0.6907073509015257,1.0014418811002663,0.9086767828677965,-0.1544194419441944,1.0661193831850426,0
1202,0.8627592986869461,1.0423318682994243,0.8842784736452236,1.0944786625604928,0.8928336404316928,1.218909826290416,-0.007854045651640352,0.9341533963082423,0
1203,1.0775705124100012,0.7964544362737304,-2.226528739053891,0.9822081644756351,1.0077094476834556,0.94585049851922,-0.07702612190221031,0.9840992309461866,0
1204,1.037589258000245,0.4148163788488302,0.8260765670453005,0.5710711718188354,0.9515528951828595,0.4113855852228068,0.02806319562036596,1.1201789920273715,0
1205,0.8694627502501843,0.9661273334273759,0.8647985981897811,1.1661764705882354,0.9940887535155499,0.9894930744619038,-0.03302460473383852,1.113325038133967,0
1206,0.8844671365653491,1.2909867319924107,0.8325620130534374,1.2384971242810703,1.0957019366053518,0.7196660616741248,-0.037725704556655755,0.9545871779035212,0
1207,1.1661755694060383,0.9409433287753448,0.8541464731631097,0.9762422206855675,1.0998904907821372,0.9417989520107664,-0.04405060039812496,1.1173519709570239,0
1208,1.1451067259798158,0.7829013741758601,1.0335246188050702,1.083425170817721,0.9791325731775279,1.071869432112377,-0.1440783986655546,0.9426748437889461,0
1209,1.1386400039132383,1.0,1.078835285951086,0.9524942925146939,0.7559512360126491,1.092233128850585,-0.04318582249829597,1.506729801679453,0
1210,0.9632221550429151,0.8654848661004081,-10.954781215678569,1.3314052398775094,1.333915553951642,0.9664189687944554,-0.09932211135653894,0.9647697819822165,0
1211,0.9078907143423272,0.7123947224474433,1.0932459842603994,1.1157587548638133,0.4893311188395459,1.1289316611897255,-0.11728821200636809,1.0508331388602632,0
1212,1.0496568268269886,1.0,-1.4973612400094287,1.2319584362922131,0.8529898399731136,0.9309280676061844,0.04289197013560873,0.8733280914262703,0
1213,1.0538461457611834,0.9744887808290715,0.6770962330610834,0.9265604122924223,1.0166462563722838,1.0186278327863978,0.11822379657157316,0.5726803449616145,0
1214,0.7442798169501054,0.8878719906650006,1.4118430271983073,0.9247916170516789,0.9728391848685245,1.1415044111373667,0.0969595403399569,0.7230824848245274,0
1215,1.0901275365312129,0.9944542237149889,1.1997722853105965,0.9671410736579276,1.0137701491362203,0.8072961143261135,-0.0407964083544798,0.9759411957250976,0
1216,1.1672520939584252,0.7801587809748423,7.74338290395279,0.799751809720786,1.315654974416043,1.0786135277257292,-0.07211553140170367,1.0545933391094469,0
1217,1.5090183191219124,1.0798830118962985,0.6639746287043642,0.9950054065187169,1.0029660199097745,1.0101299341470515,-0.1397019569561172,1.1556236788835579,0
1218,1.4760745172396796,1.00164841599366,1.0169051002238947,0.9812232851618156,1.0133748066085162,1.1705739100154182,-0.16412625096227867,1.6703260900139965,0
1219,1.3636956022401234,0.8150542006115455,1.0080313566427603,0.8229710082955615,0.9116876278411319,0.9780691030898605,-0.07070722549996168,1.115409320026237,0
1220,1.8422610440451281,5.855082080398515,0.7413669616546624,0.4258665954701196,0.8796395836386527,2.0726715211635853,-0.2941460157293367,1.8548904498791596,0
1221,0.6757594490081626,1.4072479216836142,0.5808725276804713,1.1147039802457521,1.1466263383802648,0.9580285852747044,-0.05560206313629121,1.0831293542862426,0
1222,1.317954553400304,1.2121990906259352,0.8316900731906051,1.1036674246399627,0.5298039831736224,0.9810326813830248,0.094073628649696,1.2339365916621805,0
1223,1.5153090863704552,0.9790725243978816,1.0331189932411062,0.8395945405237184,1.2271458612120054,0.9952618770423726,0.03821706658191642,1.0603549328626323,0
1224,0.5477482200176252,0.7473015256603149,5.169690780957835,0.3184356599348754,0.5872579980777152,1.6010646096547074,-0.3276283618581907,0.8175581845858224,0
1225,1.4596332933251848,0.6902043935608978,1.1729497637206958,0.6013727055067837,1.1662628943385422,1.0,-0.21573053600672776,1.2550625319557713,0
1226,0.809370317978145,1.0002641409592756,0.13816718876936918,1.148179767058967,1.3511648037809525,0.7506362958542625,0.008084418347374693,0.6951120129338343,0
1227,1.164627130471232,0.6048392842194883,1.0453776909339376,1.021524078704207,1.007318873014529,1.2076827180715346,-0.0987137175255987,0.9043072482319932,0
1228,0.815334177617841,1.0115794522825834,1.802763379232474,1.1729097617409794,0.9837853538294067,1.0256290264343133,-0.009257960443259921,1.0866726385897505,0
1229,1.1068426810515204,1.0816978436462767,1.116341595082733,1.0320555188367482,0.9114241922132333,0.7071232175418615,-0.016507161667416018,1.1088178818389516,0
1230,1.0450647834428706,1.142682948580563,0.9068874341941531,1.1628630060319634,1.0952383567316295,1.009555325280427,-0.12069425646695515,3.5873156473956063,0
1231,1.0738878438818154,0.9106200647876207,1.7646945418329092,0.8997045861785073,0.9137789487752257,0.9754399411510258,-0.05964508708511338,0.9612784722515454,0
1232,0.7177042415564568,0.8922152890475734,3.1524382751403315,0.7455035609383173,1.030364271457086,0.7198511339569706,-0.41019462465245593,0.9306279750121697,0
1233,1.0185417619339103,0.9543924794477645,0.9630172655870136,1.1452548823859736,0.896831700544963,1.1128157969532324,-0.06395827614603349,0.5393402173551108,0
1234,1.1228442943685397,1.034284656481385,1.2395752922122096,1.067117222092752,0.9777739022166493,1.1122947217436554,-0.02394357849819238,1.0002123896119608,0
1235,0.8937937318410781,1.0092730655103588,1.1214038307528402,0.7753863134657837,1.0355471835693018,1.4671461467149134,-0.1392151744540155,0.9471272907515846,0
1236,1.610841118784143,1.0,0.6724890266452709,3.3203153648698205,0.7439685574532483,0.9686478128689183,-0.028569585966722558,2.0528020056210283,0
1237,0.7118227908492644,0.9383681383762759,1.045117583132673,1.0573449465131233,1.2740052307117502,0.6344507868937049,-0.17475857475857473,0.782268179722211,0
1238,0.8706406127346124,1.0358550352359819,1.44772189789472,1.2027827707875642,1.1012325116588941,1.0109351118130858,-0.061474090762793684,0.9067501459965633,0
1239,1.6423760789546336,1.0,0.8841854388074372,0.9044313666314572,0.9404406905432247,1.0194312194905828,-0.011316638640185428,0.8734454327986815,0
